sistema,id,categoria,pregunta,gold_dato,gold_fuente,respuesta,dato_completo,fuentes_completas,sin_contradicciones,abstencion_valida,motivo,huella_sha256,revisor
baseline,1,factual,¿Cuál es la nota mínima para aprobar una asignatura en la Facultad de Ingeniería?,"4,0","Art. 11, RI-FI",La nota mínima para aprobar una asignatura en la Facultad de Ingeniería de la Universidad de Concepción es **4.0** (Art. 8).,1,0,1,NA,"Dato 4,0 correcto; cita Art. 8 en lugar de Art. 11 RI-FI.",ad94c247f57312476cbbb1b5cf84d298418e4a965d67fc19b1daa1270ecd2923,IA; pendiente de validación por el equipo
baseline,2,factual,¿Cuántas evaluaciones sumativas como mínimo debe tener una asignatura?,al menos 3 (tres),"Art. 11, RI-FI","La normativa de pregrado de la Facultad de Ingeniería de la Universidad de Concepción no especifica un número mínimo de evaluaciones sumativas que debe tener una asignatura. Por lo tanto, esta información no está en la normativa.",0,0,1,NA,Abstención indebida: el Art. 11 fija al menos tres evaluaciones.,eb83895274d14976ccf03d0d8d2ba20cd34afaee898ec4187a31536ae6781f90,IA; pendiente de validación por el equipo
baseline,3,factual,¿A cuántas evaluaciones de recuperación tiene derecho el estudiante por asignatura?,una (1),"Art. 12, RI-FI","La normativa de pregrado de la Facultad de Ingeniería de la Universidad de Concepción no especifica el número exacto de evaluaciones de recuperación que tiene derecho el estudiante por asignatura. Por lo tanto, **no está en la normativa**.",0,0,1,NA,Abstención indebida: el Art. 12 reconoce una recuperación.,e533965b175a6f720d30b65bb76d2de32cf04c93e44ac1c8ce03de92ac721500,IA; pendiente de validación por el equipo
baseline,4,factual,¿En qué escala se expresa la nota final de una asignatura?,"escala oficial de 1 a 7, con un decimal","Art. 23, RG","La nota final de una asignatura se expresa en una escala de 0 a 7, según el **Art. 10** de la normativa de pregrado de la Facultad de Ingeniería de la Universidad de Concepción.",0,0,0,NA,Escala 0–7 incorrecta y cita Art. 10 incorrecta.,80a65b35049820b699aef7b7a45f48fc155e14ff14dea8476f8a0e9e6e3498c6,IA; pendiente de validación por el equipo
baseline,5,factual,¿Cuál es la actividad final de titulación en las carreras de Ingeniería?,la Memoria de Título,"Art. 29, RI-FI",La actividad final de titulación en las carreras de Ingeniería es la **Tesis de Grado** (Art. 10).,0,0,0,NA,"Dice Tesis de Grado y cita Art. 10; se requiere Memoria de Título, Art. 29.",7fed6dd92f2933caed68fb591c0a715d2ea830044b277e0e9c975e04e3ece1ea,IA; pendiente de validación por el equipo
baseline,6,factual,¿Con cuánta anticipación mínima deben comunicarse las evaluaciones a los estudiantes?,al menos una semana,"Art. 10, RI-FI","La normativa de pregrado de la Facultad de Ingeniería de la Universidad de Concepción no establece específicamente la cantidad de anticipación mínima con la que deben comunicarse las evaluaciones a los estudiantes. Por lo tanto, **no está en la normativa**.",0,0,1,NA,Abstención indebida: existe plazo de una semana.,d8307f02da6e17454a21b5b1f79484d486b65ac8fa2666093c9969e1eec2752d,IA; pendiente de validación por el equipo
baseline,7,factual,¿Quién resuelve en primera instancia una solicitud de continuación de estudios?,el Comité de Docencia y Asuntos Estudiantiles,"Art. 16, RI-FI",La solicitud de continuación de estudios se resuelve en primera instancia por el **director de carrera** (Art. 12).,0,0,0,NA,Indica director de carrera y Art. 12 en vez del Comité y Art. 16.,6979332c0a728a0bc83f7c0880d0821aea1164b97068254ee541fa871788daf1,IA; pendiente de validación por el equipo
baseline,8,factual,¿La renuncia a la carrera es revocable?,"No, es irrevocable","Art. 26, RI-FI",La renuncia a la carrera no es revocable según el Art. 12 de la normativa de pregrado de la Facultad de Ingeniería de la Universidad de Concepción.,1,0,1,NA,"Irrevocabilidad correcta, pero cita Art. 12 en lugar del 26.",d86c36b983947444b3710c88e7720e1cd8ccce1550c9cef9cb0d37dfb6e5acc7,IA; pendiente de validación por el equipo
baseline,9,factual,¿Cuántos períodos lectivos ordinarios tiene el año académico y cuánto duran?,"dos, de 19 semanas cada uno","Art. 16, RG","El año académico tiene **dos períodos lectivos ordinarios**, cada uno de **cuatro meses**.  
Art. 10.",0,0,0,NA,Duración de cuatro meses incorrecta y cita errónea.,146ae4b41ec25e113046eedd943f3923952b76ad956bbf203b3ece5847fe06c6,IA; pendiente de validación por el equipo
baseline,10,factual,¿Los estudiantes de Primer Año Común pueden convalidar asignaturas?,No,"Art. 22, RI-FI","Sí, los estudiantes de Primer Año Común pueden convalidar asignaturas, según el **Art. 12** de la normativa de pregrado de la Facultad de Ingeniería de la Universidad de Concepción.",0,0,0,NA,Afirma que pueden convalidar y cita Art. 12; contradice la referencia.,3f0d3aaa136658e98d37b90d453542ddb2b2d80f6932e80faf24fe2e5a1e9346,IA; pendiente de validación por el equipo
baseline,11,numerica,¿Cuál es el mínimo de créditos que debo inscribir por período lectivo ordinario en Ingeniería?,8 créditos (igual o superior a 8),"Art. 8, RI-FI",El mínimo de créditos que debe inscribirse por período lectivo ordinario en Ingeniería es **60 créditos**. Este requisito está establecido en el **Art. 8** de la normativa de pregrado de la Facultad de Ingeniería de la Universidad de Concepción.,0,1,0,NA,Dice 60 créditos en vez de ocho; cita Art. 8.,ccd175d3351406d4d32684bb89c54e0884828302a1f10cf30532f6b449634465,IA; pendiente de validación por el equipo
baseline,12,numerica,¿Con menos de cuántos créditos aprobados al término del segundo semestre quedo en baja académica?,menos de 15 créditos,"Art. 14 a), RI-FI","Art. 12. Queda en baja académica el estudiante que, al término del segundo semestre, no haya aprobado más de 12 créditos.",0,0,0,NA,Umbral de 12 créditos y artículo incorrectos.,b48c00219976d68a95ccd792d43694bebb7d3a1446c082bf259dacd5f8ef3a0e,IA; pendiente de validación por el equipo
baseline,13,numerica,¿Bajo qué promedio de créditos aprobados por semestre (desde el 4º) se cae en baja académica?,inferior a 10 créditos semestrales,"Art. 14 b), RI-FI",La información solicitada no está contemplada en la normativa de pregrado de la Facultad de Ingeniería de la Universidad de Concepción.,0,0,1,NA,Abstención indebida ante umbral de diez créditos.,8cda69dff22c5857f5a0517698735045f7fdc35156cfa2667b6317227d82add6,IA; pendiente de validación por el equipo
baseline,14,numerica,¿Cuál es la asistencia mínima máxima que un profesor puede exigir en clases teóricas y prácticas?,80%,"Art. 13, RI-FI","La asistencia no está especificada en términos numéricos en la normativa de pregrado de la Facultad de Ingeniería de la Universidad de Concepción. Por lo tanto, no existe un límite definido por el artículo correspondiente.",0,0,1,NA,Niega el límite de 80%.,3ba905e5fbc712913bdcda67284f40a3cc6e373d022e572ce5c84f67bceba4b2,IA; pendiente de validación por el equipo
baseline,15,numerica,¿Qué calificación mínima se exige para convalidar una asignatura?,"4,5","Art. 21, RI-FI",La calificación mínima exigida para convalidar una asignatura es **3.0** (Art. 8).,0,0,0,NA,"Nota 3,0 y artículo incorrectos.",6e99eddad862bf74b207c2b07fc67e4bddec2f8b76570106449d0d4a381aea7c,IA; pendiente de validación por el equipo
baseline,16,numerica,"¿Durante cuántas semanas iniciales se puede solicitar convalidación, revalidación o reconocimiento?",las 4 primeras semanas,"Art. 22, RI-FI",Art. 12.,0,0,1,NA,Solo entrega Art. 12: no responde cuatro semanas ni cita Art. 22.,ec64136303cebe51721bf43afed7d12970cd8b86a5366f93821ea7cd3c385d64,IA; pendiente de validación por el equipo
baseline,17,numerica,¿Dentro de cuántos días se puede solicitar el reconocimiento de asignaturas?,los primeros 30 días,"Art. 23, RI-FI","La normativa de pregrado de la Facultad de Ingeniería de la Universidad de Concepción no establece un plazo específico para la solicitud de reconocimiento de asignaturas. Por lo tanto, esta información no está en la normativa.",0,0,1,NA,Abstención indebida ante plazo de treinta días.,f17dc4f08ad93b17c14459c4321478c2bde5c17860d967f239acd953a5d17288,IA; pendiente de validación por el equipo
baseline,18,numerica,"Si suspendí más de 3 años y solo me faltaba la Memoria, ¿cuántos créditos adicionales máximo debo cursar?",un máximo de 36 créditos,"Art. 31, RI-FI","La normativa de pregrado de la Facultad de Ingeniería de la Universidad de Concepción no establece específicamente la cantidad de créditos adicionales que debe cursar un estudiante que ha sido suspendido más de 3 años y solo le falta la Memoria. Por lo tanto, **no está en la normativa**.",0,0,1,NA,Abstención indebida ante máximo de 36 créditos.,a3547f16df02151b58c9122f309474efa71a98dd30759483c15ccb128c28fb3a,IA; pendiente de validación por el equipo
baseline,19,numerica,¿Cuántas semanas dura cada período lectivo ordinario (semestre)?,19 semanas,"Art. 16, RG",El período lectivo ordinario dura **18 semanas** (Art. 8).,0,0,0,NA,Dice 18 semanas y Art. 8 en vez de 19 y Art. 16 RG.,f78a26570b2f5db0f04c3c4152dc23de8e91af42ce1c1a6a6b8c6195978703d2,IA; pendiente de validación por el equipo
baseline,20,numerica,¿Cuál es el plazo (en días hábiles) para regularizar una evaluación no rendida por causa justificada?,3 días hábiles,"Art. 26, RG","El plazo para regularizar una evaluación no rendida por causa justificada es de **15 días hábiles**, según el **Art. 12** de la normativa de pregrado de la Facultad de Ingeniería de la Universidad de Concepción.",0,0,0,NA,Dice 15 días y Art. 12 en vez de tres y Art. 26 RG.,2f6aa527080384423fd0f7140af20bf135d66e0fdf3467a6322d7d1c990e19e7,IA; pendiente de validación por el equipo
baseline,21,condicional,"Si vengo de otra universidad y quiero ingresar a Ingeniería, ¿qué promedio necesito? ¿Y para cambio dentro de Ingeniería?","4,5 desde otra universidad/facultad; 4,2 para cambio dentro de Ingeniería","Art. 17 y Art. 18, RI-FI","La normativa de pregrado de la Facultad de Ingeniería de la Universidad de Concepción no establece específicamente los promedios necesarios para ingreso o cambio dentro de la carrera, ya que estos requisitos suelen definirse por el Consejo Universitario o las normas generales de la Universidad. Por lo tanto, **no está en la normativa**.",0,0,1,NA,Abstención indebida: omite ambos promedios y fuentes.,31f05f8de18062c9d9f4d5993b32daf6f7816b7e15a194305e861a96e3f05bec,IA; pendiente de validación por el equipo
baseline,22,condicional,¿Qué promedio mínimo se exige para cursar una segunda carrera de forma simultánea?,"5,0","Art. 19, RI-FI","La normativa de la Facultad de Ingeniería de la Universidad de Concepción no establece un promedio mínimo específico para cursar una segunda carrera de forma simultánea. Por lo tanto, esta información no está en la normativa.",0,0,1,NA,"Abstención indebida ante promedio 5,0.",40cfd4741aa5aba14ec7652a96deda8ae690603db7c8cbd5e2b6332a7d7e017b,IA; pendiente de validación por el equipo
baseline,23,condicional,¿En qué caso NO se puede revalidar una asignatura?,si fue previamente cursada y reprobada,"Art. 20, RI-FI","No se puede revalidar una asignatura en el caso en que no haya sido aprobada o no haya sido cursada con éxito, según el **Art. 12** de la normativa de pregrado.",0,0,0,NA,Condición imprecisa y cita Art. 12 incorrecta.,04a1b54173343925899bf2edc66960050941bb256e963acd23182979944de850,IA; pendiente de validación por el equipo
baseline,24,condicional,"Si repruebo por segunda vez una misma asignatura obligatoria, ¿qué ocurre?","baja académica, salvo que la haya aprobado en el PLEV o esté en primer año","Art. 14 c), RI-FI","Si repruebas por segunda vez una misma asignatura obligatoria, se considera que has incumplido el régimen académico y podrías ser inhabilitado para continuar en el programa de estudios, según el **Art. 12** de la normativa de pregrado.",0,0,0,NA,Omite excepciones y cita Art. 12 incorrecta.,c2da488a11c4e94a71584eff599711d3146befd3cb34cb31f7d1861e3fc3f409,IA; pendiente de validación por el equipo
baseline,25,condicional,"Al modificar la inscripción, ¿qué asignaturas NO puedo eliminar?",las atrasadas y las obligatorias reprobadas (prioridades a y b del Art. 7),"Art. 9, RI-FI",No está en la normativa.,0,0,1,NA,Abstención indebida ante asignaturas no eliminables.,be0bf71ad24961dd5b18725991a950f9c908874419e3d1755c767216a9a184fa,IA; pendiente de validación por el equipo
baseline,26,condicional,"Si suspendí mis estudios, ¿qué debo hacer para volver?",solicitar la reincorporación a la Vicedecanatura,"Art. 27, RI-FI","Si suspendiste tus estudios, debes presentar una solicitud de reingreso al Colegio de Estudios Superiores, según el Art. 12 de la Normativa de Pregrado. Esta solicitud debe incluir justificación y documentación relacionada con la suspensión.",0,0,0,NA,Inventa órgano de reingreso y cita Art. 12.,a5bce30e7fc7ff6c9f45c6bff7fe8b4803f80b7763d2dc2852cb52068427a705,IA; pendiente de validación por el equipo
baseline,27,condicional,¿Qué documentos requiere la solicitud de suspensión de estudios?,certificado de la DAFE (sin deudas) y de la Dirección de Bibliotecas,"Art. 25, RI-FI","La solicitud de suspensión de estudios requiere la presentación de los siguientes documentos, según el **Art. 12** de la normativa:  
- Formulario de solicitud de suspensión de estudios.  
- Justificación escrita de la situación que motiva la suspensión.  
- Copia del acta de inscripción.  
- Copia del certificado de matrícula.  
- Copia del certificado de notas (si aplica).",0,0,0,NA,Inventa documentación y cita Art. 12 incorrecta.,43cae2300df681e11a38c495106022c13d1909241c58461f9dc936170447658c,IA; pendiente de validación por el equipo
baseline,28,condicional,"Si estando habilitado no inscribo asignaturas en el período, ¿qué pasa?",pierdo el derecho a continuar y la calidad de alumno (Baja por no Inscripción),"Art. 29, RG","Si estando habilitado no inscribo asignaturas en el período, se considera que no se ha cumplido con el requisito de inscripción, y por lo tanto, no se podrá acceder a las evaluaciones o créditos correspondientes a dichas asignaturas. Art. 12.",0,0,0,NA,No expresa baja y pérdida de calidad de alumno; cita Art. 12.,3613b909db31fdf8c4725da7cae91a96f23e95e7c5659d6cada5334fe6353dbd,IA; pendiente de validación por el equipo
baseline,29,condicional,"Si no me presento a una evaluación por causa justificada, ¿qué puedo hacer?",solicitar regularizar en un máximo de 3 días hábiles,"Art. 26, RG","Si no te presentas a una evaluación por causa justificada, debes comunicarte con el profesor o el área académica responsable para solicitar la extensión o el permiso correspondiente. Art. 12.",0,0,0,NA,Omite plazo de tres días y cita Art. 12 incorrecta.,f0ae1a44f598232de80d47e32496a121ccedb4497cd9c4b9fda5e9ed6dc6c0d1,IA; pendiente de validación por el equipo
baseline,30,condicional,"¿Cuánta asistencia puede exigir un profesor en un laboratorio, taller o salida a terreno?",hasta un 100%,"Art. 13, RI-FI","La normativa de pregrado de la Facultad de Ingeniería de la Universidad de Concepción no establece un límite específico de asistencia que puede exigir un profesor en un laboratorio, taller o salida a terreno. Por lo tanto, **no está en la normativa**.",0,0,1,NA,Niega límite de asistencia de hasta 100%.,6f7e92a4d0a405816f7ae911bc558a1de5c2c6dcc6679c8f6825d175e00e63b7,IA; pendiente de validación por el equipo
baseline,31,cruce,"Si el Reglamento Interno de Ingeniería contradice al Reglamento General de Docencia, ¿cuál prevalece?",prevalece el Reglamento General (y las Normas de Ingreso),"Art. 34, RI-FI","Según el Art. 10 del Reglamento Interno de Ingeniería, los reglamentos internos de las facultades y escuelas son de aplicación general y tienen preferencia sobre los reglamentos generales de la Universidad, siempre que no contradigan normas universitarias básicas. Por lo tanto, el Reglamento Interno de Ingeniería prevalece sobre el Reglamento General de Docencia cuando exista contradicción.",0,0,0,NA,Invierte la prelación y cita Art. 10 incorrecta.,fc6ee6f60e4e7ae9cf9ced4299a001beed432e10705d167cff78ad8a24c85401,IA; pendiente de validación por el equipo
baseline,32,cruce,Quiero modificar las asignaturas inscritas este segundo semestre 2026. ¿Hasta qué fecha?,hasta el 04 de septiembre de 2026,"CAL 2º sem 2026 (Art. 9, RI-FI)","La fecha límite para modificar las asignaturas inscritas en el segundo semestre 2026 está establecida en el **Art. 12** de la normativa de pregrado de la Facultad de Ingeniería de la Universidad de Concepción. Según dicho artículo, la fecha límite es el **15 de enero**.",0,0,0,NA,Fecha 15 de enero y Art. 12 incorrectos.,1bd70db7cb36fb6e11c586362ae39d5e19e190b3c683d8937042c07bbace6dcd,IA; pendiente de validación por el equipo
baseline,33,cruce,¿Hasta qué fecha se pueden modificar asignaturas en el primer semestre 2026?,hasta el 02 de abril de 2026,"CAL 1er sem 2026 (Art. 9, RI-FI)","La normativa de pregrado de la Facultad de Ingeniería de la Universidad de Concepción no establece específicamente la fecha límite para modificar asignaturas en el primer semestre 2026. Por lo tanto, **no está en la normativa**.",0,0,1,NA,Abstención indebida ante fecha en calendario.,ebe4abdab512e5bb4b3c5e9b53ba973aa157360586e5cdf2cc40f5db8f16cd92,IA; pendiente de validación por el equipo
baseline,34,cruce,¿Tengo derecho a suspender estudios y hasta cuándo puedo hacerlo?,"sí; dentro de los plazos del calendario, a más tardar 4 semanas antes del término",Art. 25 RI-FI + Art. 31 RG,"La suspensión de estudios no está explícitamente regulada en el Reglamento General de la Facultad de Ingeniería de la Universidad de Concepción. Por lo tanto, no está en la normativa.",0,0,1,NA,Niega derecho a suspender regulado en el corpus.,47abd6f56b7e7f3beaa28c8c7dfe4ee6aef135772d31c5357c241a1a7dfe6c1e,IA; pendiente de validación por el equipo
baseline,35,cruce,¿Cuándo inician las clases del segundo semestre 2026?,10 de agosto de 2026,CAL 2º sem 2026,"La normativa de pregrado de la Facultad de Ingeniería de la Universidad de Concepción no especifica la fecha exacta en que inician las clases del segundo semestre 2026. Por lo tanto, **no está en la normativa**.",0,0,1,NA,Abstención indebida ante fecha 10 de agosto.,5a8ca626d44a29bdb4447c381aa36f6fa1ed99a345777917d15770eeef532646,IA; pendiente de validación por el equipo
baseline,36,cruce,¿En qué fechas se inscriben las asignaturas del segundo semestre 2026 y cuál es el mínimo de créditos?,inscripción 03–07 de agosto de 2026; mínimo 8 créditos,"CAL 2º sem 2026 + Art. 8, RI-FI",La información sobre fechas de inscripción y créditos mínimos no está especificada en la normativa de pregrado de la Facultad de Ingeniería de la Universidad de Concepción.,0,0,1,NA,"Omite fechas, mínimo de créditos y fuentes.",2dddfb99e4a1ae74a13e4116c660fa5335b045fd3d202705f71dbd849f761269,IA; pendiente de validación por el equipo
baseline,37,cruce,¿Cuándo termina el segundo semestre 2026 (término de clases)?,11 de diciembre de 2026,CAL 2º sem 2026,"La fecha exacta del término de clases del segundo semestre 2026 no está especificada en la normativa proporcionada. Para obtener la información precisa, se debe consultar el calendario académico oficial de la Facultad de Ingeniería de la Universidad de Concepción.",0,0,1,NA,Abstención indebida ante fecha 11 de diciembre.,171bd5fed39ce0a7cea3ba672eec1271939cd82300557e355efa54744cf3d55a,IA; pendiente de validación por el equipo
baseline,38,cruce,"La escala de notas del Reglamento General, ¿se aplica en Ingeniería, y cuál es la nota de aprobación?","sí, escala 1 a 7 (Art. 23, RG); se aprueba con 4,0 (Art. 11, RI-FI)",Art. 23 RG + Art. 11 RI-FI,La escala de notas del Reglamento General **no se aplica en la Facultad de Ingeniería** de la Universidad de Concepción. La nota de aprobación en la Facultad de Ingeniería es **4.0** (Art. 10 del Reglamento General).,0,0,0,NA,Niega aplicación de escala y cita Art. 10; falta Art. 23 RG y Art. 11 RI-FI.,40fee38f44ec100e660943e4b26c9b1a6d1826ce99f0a529ad82230b588ebef1,IA; pendiente de validación por el equipo
baseline,39,cruce,¿Cuándo son las Evaluaciones de Recuperación del segundo semestre 2026?,14–23 de diciembre de 2026,CAL 2º sem 2026 (Art. 12 RI-FI),La información sobre las fechas de las Evaluaciones de Recuperación del segundo semestre 2026 no está disponible en la normativa actual de pregrado de la Facultad de Ingeniería de la Universidad de Concepción.,0,0,1,NA,Abstención indebida ante fechas de recuperación.,bae59dc07467b83d17399db5b50457abd3f5cf5f1d2d5e849a2715d5a6e60634,IA; pendiente de validación por el equipo
baseline,40,cruce,¿Qué reglamento rige la Memoria de Título y cuánto pondera en la nota de titulación?,la rige el Reglamento de Memoria de Título de la FI (Art. 29); pondera un 40% (Art. 30),"Art. 29 y Art. 30, RI-FI","La Memoria de Título está regida por el **Reglamento de Pregrado de la Facultad de Ingeniería**, específicamente por el **Art. 12**, que establece que la Memoria de Título es un componente obligatorio del trabajo de título.  

En cuanto a su ponderación en la nota de titulación, según el **Art. 13**, la Memoria de Título representa **un 20%** de la calificación final del trabajo de título.",0,0,0,NA,"Reglamento, porcentaje 20% y artículos incorrectos.",fafc2a180a966c3c1dc32ee51f00cef41b0711f14b9ec8a35e60e12d6eb9638c,IA; pendiente de validación por el equipo
baseline,41,abstencion,¿Qué establece el Artículo 90 del Reglamento Interno de Docencia de Pregrado de Ingeniería?,"El artículo no existe: el RI-FI tiene solo 35 artículos -> debe indicarlo, no inventar",dato inexistente (RI-FI llega al Art. 35),"El Artículo 90 del Reglamento Interno de Docencia de Pregrado de Ingeniería establece que **el docente tiene la obligación de participar en la evaluación de los estudiantes**, incluyendo la elaboración de instrumentos de evaluación y la calificación de las actividades académicas.",NA,NA,0,0,Inventa contenido del inexistente Art. 90.,40adac63dfea6a83cce5afba0d7cfff553823d70c0a6f261e990e9d06195290d,IA; pendiente de validación por el equipo
baseline,42,abstencion,¿Qué requisitos fija el Artículo 36 del Reglamento Interno de Docencia de Pregrado de Ingeniería?,El artículo no existe: el reglamento termina en el Art. 35 -> debe indicarlo,dato inexistente (RI-FI llega al Art. 35),El Artículo 36 del Reglamento Interno de Docencia de Pregrado de Ingeniería fija que el estudiante debe presentar una **acta de inscripción** y una **acta de matrícula** para participar en actividades docentes.,NA,NA,0,0,Inventa requisitos del inexistente Art. 36 RI-FI.,7033676207dddc68a537bcb59ea66f5975f80eb5da6b718ae3e6a90326c9cebb,IA; pendiente de validación por el equipo
baseline,43,abstencion,¿Qué dispone el Artículo 100 del Reglamento General de Docencia de Pregrado?,El artículo no existe: el RG llega hasta el Art. 60 -> debe indicarlo,dato inexistente (RG llega al Art. 60),"El Artículo 100 del Reglamento General de Docencia de Pregrado establece que **el profesor titular, en el caso de no haber sido designado como tutor, debe asumir la tutoría del estudiante**.",NA,NA,0,0,Inventa contenido del inexistente Art. 100 RG.,72ef7ef9c80d02fa0f3571f1725a2a305fb492ae28caeda1ae86a08fad5d58c3,IA; pendiente de validación por el equipo
baseline,44,abstencion,¿Qué señala el Artículo 70 del Reglamento General de Docencia de Pregrado?,El artículo no existe: el RG llega hasta el Art. 60 -> debe indicarlo,dato inexistente (RG llega al Art. 60),"El Artículo 70 del Reglamento General de Docencia de Pregrado señala que **el docente tiene derecho a la remuneración por el trabajo docente, que se determinará en función de la carga horaria, el nivel de enseñanza y la calidad del trabajo docente**.",NA,NA,0,0,Inventa contenido del inexistente Art. 70 RG.,cef863c080561cd38ed9fe8bfafca24c64d5143a2637a55879457b952dea8fbc,IA; pendiente de validación por el equipo
baseline,45,abstencion,¿Qué dice el inciso d) del Artículo 14 del RI-FI sobre las causales de baja académica?,"No existe el inciso d): el Art. 14 solo tiene a), b) y c) -> debe indicarlo",premisa falsa (Art. 14 solo a-c),"El inciso d) del Artículo 14 del RI-FI establece que una de las causales de baja académica es **la falta de asistencia a las clases o actividades académicas, sin justificar, por un período de 30 (treinta) días consecutivos**.",NA,NA,0,0,Inventa inciso d) y plazo de treinta días.,a34c716bfd71bfcb0ab80b63ce22f7e6ec3eb7b7ff6a032b110f64c095057263,IA; pendiente de validación por el equipo
baseline,46,abstencion,¿Qué establece el inciso c) del Artículo 25 del RI-FI sobre los documentos para suspender estudios?,No existe el inciso c): el Art. 25 solo tiene a) y b) -> debe indicarlo,premisa falsa (Art. 25 solo a-b),El inciso c) del Artículo 25 del RI-FI establece que **se considera como documento para suspender estudios el certificado de nacimiento o de registro civil de la persona**.,NA,NA,0,0,Inventa inciso c) y certificado de nacimiento.,6a842ce3211f10812e65b6c6bbc268a8f1ac110cdde381dbd4b8eaf8ccf97563,IA; pendiente de validación por el equipo
baseline,47,abstencion,"Además del mínimo de créditos, ¿cuál es el número máximo de créditos que fija el Artículo 8 del RI-FI para inscribir por semestre?","El Art. 8 no fija un máximo, solo un mínimo (8) -> debe indicarlo",premisa falsa (Art. 8 solo fija mínimo),Art. 8 del RI-FI: 60 créditos.,NA,NA,0,0,Inventa máximo de 60 créditos.,cba3580d8c1c89a91ea511bb07c97f2d8300831b1e56fd0838fb8ec76c570b8b,IA; pendiente de validación por el equipo
baseline,48,abstencion,¿Cuál es la nota mínima que fija el Artículo 12 del RI-FI para la Evaluación de Recuperación?,El Art. 12 no fija una nota mínima; solo otorga el derecho a la recuperación -> debe indicarlo,premisa falsa (Art. 12 no fija nota),"El Artículo 12 del RI-FI fija como nota mínima para la Evaluación de Recuperación la calificación **1,0**.",NA,NA,0,0,"Inventa nota mínima de 1,0.",d7c48f131488d9c1fe4c7972cf081eca1d1c3c3274165ab28bc997951bd5bc88,IA; pendiente de validación por el equipo
baseline,49,abstencion,"Según el calendario de docencia 2026, ¿qué feriado nacional cae el 30 de septiembre?",No hay feriado el 30 de septiembre; el feriado de septiembre 2026 es el día 18 -> debe indicarlo,dato inexistente (CAL 2026),El 30 de septiembre de 2026 no cae en un feriado nacional según el calendario oficial de feriados nacionales de Chile. Este día es un lunes y no corresponde a ningún feriado nacional establecido por la ley. Art. 13 del Reglamento de Feriados Nacionales.,NA,NA,0,0,"Rechaza feriado, pero inventa Art. 13 de una fuente ajena y dice lunes (30-09-2026 es miércoles).",5dbc0b10d7b34833ebe52c59c6fd3fd2b6dfa7e10f2f3c4a9d412507a5995ae7,IA; pendiente de validación por el equipo
baseline,50,abstencion,"El Artículo 19 del RI-FI exige promedio 5,0 para una segunda carrera simultánea; ¿qué promedio exige ese artículo para una tercera carrera simultánea?",El Art. 19 no contempla una tercera carrera simultánea -> debe indicarlo,premisa falsa (Art. 19 no lo contempla),No está en la normativa.,NA,NA,1,1,Abstención explícita sin contenido inventado.,9b6851783875fc306c4c27fd31f7e244436b4e6d099378573f11cf837ced66f2,IA; pendiente de validación por el equipo
rag,1,factual,¿Cuál es la nota mínima para aprobar una asignatura en la Facultad de Ingeniería?,"4,0","Art. 11, RI-FI","DATO: 4,0
CITA: [Art. 11°, RI-FI]",1,1,1,NA,Dato completo (se aceptan paráfrasis y equivalencias numéricas) y todas las fuentes requeridas.,1ee47bacf910045574655629f0a4c02552a8105857602a14868fd07ef32805b2,IA; pendiente de validación por el equipo
rag,2,factual,¿Cuántas evaluaciones sumativas como mínimo debe tener una asignatura?,al menos 3 (tres),"Art. 11, RI-FI","DATO: 3
CITA: [Art. 11°, RI-FI]",1,1,1,NA,Dato completo (se aceptan paráfrasis y equivalencias numéricas) y todas las fuentes requeridas.,4f00b456b1960bcb673d6f923f088fdb4ea6e5893fbc76df2d3a407259b129e4,IA; pendiente de validación por el equipo
rag,3,factual,¿A cuántas evaluaciones de recuperación tiene derecho el estudiante por asignatura?,una (1),"Art. 12, RI-FI","DATO: No está en la normativa
CITA: Ninguna",0,0,1,NA,Abstención indebida: falta una recuperación y Art. 12 RI-FI; causa de recuperación no demostrada sin traza.,e682b28991ac27a602734f7b37f30986c665edf8bae65c56b8acc203299151e1,IA; pendiente de validación por el equipo
rag,4,factual,¿En qué escala se expresa la nota final de una asignatura?,"escala oficial de 1 a 7, con un decimal","Art. 23, RG","DATO: Escala numérica oficial de 1 a 7 hasta con un decimal de aproximación.
CITA: [Art. 23, RG]",1,1,1,NA,Dato completo (se aceptan paráfrasis y equivalencias numéricas) y todas las fuentes requeridas.,6de442af590fde0d248c2cc2141f2196aec6347a6d3da63f40ebdf7d7db5dd31,IA; pendiente de validación por el equipo
rag,5,factual,¿Cuál es la actividad final de titulación en las carreras de Ingeniería?,la Memoria de Título,"Art. 29, RI-FI","DATO: Memoria de Título
CITA: [Art. 29°, RI-FI]",1,1,1,NA,Dato completo (se aceptan paráfrasis y equivalencias numéricas) y todas las fuentes requeridas.,165504369a387930314483cddce8d3a48ac0fb91411e46eaeb1b591897e03654,IA; pendiente de validación por el equipo
rag,6,factual,¿Con cuánta anticipación mínima deben comunicarse las evaluaciones a los estudiantes?,al menos una semana,"Art. 10, RI-FI","DATO: Una semana
CITA: [Art. 10°, RI-FI]",1,1,1,NA,Dato completo (se aceptan paráfrasis y equivalencias numéricas) y todas las fuentes requeridas.,5888deefe885107ee865da146e9fb95729fa3861441b8f6e8acbff6ec4121343,IA; pendiente de validación por el equipo
rag,7,factual,¿Quién resuelve en primera instancia una solicitud de continuación de estudios?,el Comité de Docencia y Asuntos Estudiantiles,"Art. 16, RI-FI","DATO: Comité de Docencia y Asuntos Estudiantiles
CITA: [Art. 16°, RI-FI]",1,1,1,NA,Dato completo (se aceptan paráfrasis y equivalencias numéricas) y todas las fuentes requeridas.,d9ee603935cde903f259a9369afb26159212abcf87b25b074140e7f7ccf71af4,IA; pendiente de validación por el equipo
rag,8,factual,¿La renuncia a la carrera es revocable?,"No, es irrevocable","Art. 26, RI-FI","DATO: No
CITA: [Art. 26°, RI-FI]",1,1,1,NA,Dato completo (se aceptan paráfrasis y equivalencias numéricas) y todas las fuentes requeridas.,10e78c593784640d602807b7c947194e8c4a7a67c3df9f435d3e8aedc22c181e,IA; pendiente de validación por el equipo
rag,9,factual,¿Cuántos períodos lectivos ordinarios tiene el año académico y cuánto duran?,"dos, de 19 semanas cada uno","Art. 16, RG","DATO: Dos períodos lectivos ordinarios de diecinueve semanas cada uno
CITA: [Art. 16, RG]",1,1,1,NA,Dato completo (se aceptan paráfrasis y equivalencias numéricas) y todas las fuentes requeridas.,bf378f9a22a04451d5866e964e85eb6b0445eb72c20b4512967cf7288011850e,IA; pendiente de validación por el equipo
rag,10,factual,¿Los estudiantes de Primer Año Común pueden convalidar asignaturas?,No,"Art. 22, RI-FI","DATO: No
CITA: [Art. 22°, RI-FI]",1,1,1,NA,Dato completo (se aceptan paráfrasis y equivalencias numéricas) y todas las fuentes requeridas.,be45652af4ce62341ddf2d0c53b58494c54754ec53d9af0ee7cfd94637643c33,IA; pendiente de validación por el equipo
rag,11,numerica,¿Cuál es el mínimo de créditos que debo inscribir por período lectivo ordinario en Ingeniería?,8 créditos (igual o superior a 8),"Art. 8, RI-FI","DATO: ocho
CITA: [Art. 8°, RI-FI]",1,1,1,NA,Dato completo (se aceptan paráfrasis y equivalencias numéricas) y todas las fuentes requeridas.,e79cc11c56d823fb554c0b2c2813bc5737db8c98f7ff902c3582e06b4007106c,IA; pendiente de validación por el equipo
rag,12,numerica,¿Con menos de cuántos créditos aprobados al término del segundo semestre quedo en baja académica?,menos de 15 créditos,"Art. 14 a), RI-FI","DATO: 15
CITA: [Art. 14°, RI-FI]",1,1,1,NA,Dato completo (se aceptan paráfrasis y equivalencias numéricas) y todas las fuentes requeridas.,fe8db26e0aee8e321b715d1a4638e09ece3afb19e478b9a1cdce92bf9c32722b,IA; pendiente de validación por el equipo
rag,13,numerica,¿Bajo qué promedio de créditos aprobados por semestre (desde el 4º) se cae en baja académica?,inferior a 10 créditos semestrales,"Art. 14 b), RI-FI","DATO: inferior a diez créditos semestrales
CITA: [Art. 14°, RI-FI]",1,1,1,NA,Dato completo (se aceptan paráfrasis y equivalencias numéricas) y todas las fuentes requeridas.,78fcbb22879646acc0b754768f5a45555ad93d7c3fdc5384e281a58a07569630,IA; pendiente de validación por el equipo
rag,14,numerica,¿Cuál es la asistencia mínima máxima que un profesor puede exigir en clases teóricas y prácticas?,80%,"Art. 13, RI-FI","DATO: 80%
CITA: [Art. 13°, RI-FI]",1,1,1,NA,Dato completo (se aceptan paráfrasis y equivalencias numéricas) y todas las fuentes requeridas.,859a8c7c7c36e3d5f062bf358aa08fd57c42870bd8db6e0536188daadc338735,IA; pendiente de validación por el equipo
rag,15,numerica,¿Qué calificación mínima se exige para convalidar una asignatura?,"4,5","Art. 21, RI-FI","DATO: 4,5
CITA: [Art. 21°, RI-FI]",1,1,1,NA,Dato completo (se aceptan paráfrasis y equivalencias numéricas) y todas las fuentes requeridas.,217177705c59fe6819ac87c5e228573ddd4392607c4a773cf35cd9fe0ed19875,IA; pendiente de validación por el equipo
rag,16,numerica,"¿Durante cuántas semanas iniciales se puede solicitar convalidación, revalidación o reconocimiento?",las 4 primeras semanas,"Art. 22, RI-FI","DATO: cuatro
CITA: [Art. 22°, RI-FI]",1,1,1,NA,Dato completo (se aceptan paráfrasis y equivalencias numéricas) y todas las fuentes requeridas.,e89629469f363c978e2d3367a4816f941c6a0621bb025345dca3de673056f6ed,IA; pendiente de validación por el equipo
rag,17,numerica,¿Dentro de cuántos días se puede solicitar el reconocimiento de asignaturas?,los primeros 30 días,"Art. 23, RI-FI","DATO: Treinta días
CITA: [Art. 38°, RG] y [Art. 23°, RI-FI]",1,1,1,NA,Dato completo (se aceptan paráfrasis y equivalencias numéricas) y todas las fuentes requeridas.,7abaf116dca103c422de003c46515e23407bda004e9241e3c4691ab44b361bee,IA; pendiente de validación por el equipo
rag,18,numerica,"Si suspendí más de 3 años y solo me faltaba la Memoria, ¿cuántos créditos adicionales máximo debo cursar?",un máximo de 36 créditos,"Art. 31, RI-FI","DATO: 36
CITA: [Art. 31°, RI-FI]",1,1,1,NA,Dato completo (se aceptan paráfrasis y equivalencias numéricas) y todas las fuentes requeridas.,c84b5d4bb8ce325b4534038193e2763c2b1f49aead7eee0c4e614b6b17dfcc4f,IA; pendiente de validación por el equipo
rag,19,numerica,¿Cuántas semanas dura cada período lectivo ordinario (semestre)?,19 semanas,"Art. 16, RG","DATO: Diecinueve
CITA: [Art. 16, RG]",1,1,1,NA,Dato completo (se aceptan paráfrasis y equivalencias numéricas) y todas las fuentes requeridas.,a9037d5c70d940a0671584fb31612e979cdcbb4df816d579819900aa0ef1d836,IA; pendiente de validación por el equipo
rag,20,numerica,¿Cuál es el plazo (en días hábiles) para regularizar una evaluación no rendida por causa justificada?,3 días hábiles,"Art. 26, RG","DATO: tres días hábiles
CITA: [Art. 26, RG]",1,1,1,NA,Dato completo (se aceptan paráfrasis y equivalencias numéricas) y todas las fuentes requeridas.,d6d0a5522740f23090bec6bb9a9f501349aa87b5f37e8222f22ab5d12cbfe14c,IA; pendiente de validación por el equipo
rag,21,condicional,"Si vengo de otra universidad y quiero ingresar a Ingeniería, ¿qué promedio necesito? ¿Y para cambio dentro de Ingeniería?","4,5 desde otra universidad/facultad; 4,2 para cambio dentro de Ingeniería","Art. 17 y Art. 18, RI-FI","DATO: Para ingresar a la Facultad de Ingeniería desde otra universidad se necesita un promedio ponderado mínimo de 4,5 en la escala de 1 a 7, mientras que para cambiar dentro de la Facultad se necesita un promedio ponderado mínimo de 4,2 en la escala de 1 a 7.
CITA: [Art. 17°, RI-FI] y [Art. 18°, RI-FI]",1,1,1,NA,Dato completo (se aceptan paráfrasis y equivalencias numéricas) y todas las fuentes requeridas.,9d5cfab550f7025b102204bfca1a321c6073fdb624e927efa4b441d4ced5c26a,IA; pendiente de validación por el equipo
rag,22,condicional,¿Qué promedio mínimo se exige para cursar una segunda carrera de forma simultánea?,"5,0","Art. 19, RI-FI","DATO: 5,0 en la escala de 1 a 7
CITA: [Art. 19°, RI-FI]",1,1,1,NA,Dato completo (se aceptan paráfrasis y equivalencias numéricas) y todas las fuentes requeridas.,73fbda0ad1ea9f2b7aea877ad53e90033d5fba4edd2cd2207a312363d3402448,IA; pendiente de validación por el equipo
rag,23,condicional,¿En qué caso NO se puede revalidar una asignatura?,si fue previamente cursada y reprobada,"Art. 20, RI-FI","DATO: No se podrá revalidar una asignatura que haya sido previamente cursada y reprobada en el Plan de Estudio.
CITA: [Art. 20°, RI-FI]",1,1,1,NA,Dato completo (se aceptan paráfrasis y equivalencias numéricas) y todas las fuentes requeridas.,961fd5a8c79173142867b6c2c7d35a702ce17765ad3d9ad000cb44dc50a1f71a,IA; pendiente de validación por el equipo
rag,24,condicional,"Si repruebo por segunda vez una misma asignatura obligatoria, ¿qué ocurre?","baja académica, salvo que la haya aprobado en el PLEV o esté en primer año","Art. 14 c), RI-FI","DATO: La y el estudiante perderá el derecho a continuar estudios y la calidad de alumno regular, quedando en situación de Baja Académica.
CITA: [Art. 14°, RI-FI]",0,1,0,NA,Omite las excepciones PLEV y primer año; transforma una regla condicional en afirmación absoluta.,41a87540b77b78584c9cac52ae03ef1fd0ca8088eac5a6d113fb89e078e0d761,IA; pendiente de validación por el equipo
rag,25,condicional,"Al modificar la inscripción, ¿qué asignaturas NO puedo eliminar?",las atrasadas y las obligatorias reprobadas (prioridades a y b del Art. 7),"Art. 9, RI-FI","DATO: Las asignaturas correspondientes a las prioridades a) y b) del
CITA: [Art. 9°, RI-FI]",0,1,1,NA,Respuesta truncada en «prioridades a) y b) del»; no identifica atrasadas y obligatorias reprobadas.,08b61e6c6d8c76f6fb62a59140b367d89ba0de4ee8ca15071c3c1bacde43782a,IA; pendiente de validación por el equipo
rag,26,condicional,"Si suspendí mis estudios, ¿qué debo hacer para volver?",solicitar la reincorporación a la Vicedecanatura,"Art. 27, RI-FI","DATO: Deberá solicitar su reincorporación al Vicedecano.
CITA: [Art. 27°, RI-FI]",1,1,1,NA,Dato completo (se aceptan paráfrasis y equivalencias numéricas) y todas las fuentes requeridas.,8a0c7c1082fde230e4f1a9af6000ff724a8b5188238403b5bfeb6a4a9b1b4163,IA; pendiente de validación por el equipo
rag,27,condicional,¿Qué documentos requiere la solicitud de suspensión de estudios?,certificado de la DAFE (sin deudas) y de la Dirección de Bibliotecas,"Art. 25, RI-FI","DATO: a) Certificado de la División de Asistencia Financiera al Estudiante en que conste que el alumno no tiene deudas con la universidad por concepto de aranceles y préstamos o que el pago de dichas deudas ha sido debidamente garantizado; y b) Certificado de la Dirección de Bibliotecas en que conste que no adeuda material bibliográfico.
CITA: [Art. 25°, RI-FI]",1,1,1,NA,Dato completo (se aceptan paráfrasis y equivalencias numéricas) y todas las fuentes requeridas.,930244597e23901954daa8c1dc44c1caf7e5403bded6b961aed226f7961f1bb6,IA; pendiente de validación por el equipo
rag,28,condicional,"Si estando habilitado no inscribo asignaturas en el período, ¿qué pasa?",pierdo el derecho a continuar y la calidad de alumno (Baja por no Inscripción),"Art. 29, RG","DATO: Perderá el derecho a continuar estudios como también la calidad de alumno de pregrado de la Universidad de Concepción, a menos que en el periodo lectivo anterior hayan inscrito una u más asignaturas anuales.
CITA: Art. 29°, RG",1,1,1,NA,Dato completo (se aceptan paráfrasis y equivalencias numéricas) y todas las fuentes requeridas.,dd5879265213162daa0fb319b7a606f87028eebde70484c9962c8e3fe0e79972,IA; pendiente de validación por el equipo
rag,29,condicional,"Si no me presento a una evaluación por causa justificada, ¿qué puedo hacer?",solicitar regularizar en un máximo de 3 días hábiles,"Art. 26, RG","DATO: Solicitar al profesor encargado de la asignatura regularizar su situación en un plazo máximo de tres días hábiles posteriores a la aplicación de la evaluación, para lo cual deberá presentar los documentos que justifiquen su inasistencia.
CITA: [Art. 26, RG]",1,1,1,NA,Dato completo (se aceptan paráfrasis y equivalencias numéricas) y todas las fuentes requeridas.,75f2bf849eacdcab27906f42593aa1e3c300a413b1c79aa4a654d6a2578d52ea,IA; pendiente de validación por el equipo
rag,30,condicional,"¿Cuánta asistencia puede exigir un profesor en un laboratorio, taller o salida a terreno?",hasta un 100%,"Art. 13, RI-FI","DATO: 100%
CITA: [Art. 13°, RI-FI]",1,1,1,NA,Dato completo (se aceptan paráfrasis y equivalencias numéricas) y todas las fuentes requeridas.,91e1ecfdbe3d818d6c39582940c384d4e20a59b4691302c5d03d9cd1975b2dad,IA; pendiente de validación por el equipo
rag,31,cruce,"Si el Reglamento Interno de Ingeniería contradice al Reglamento General de Docencia, ¿cuál prevalece?",prevalece el Reglamento General (y las Normas de Ingreso),"Art. 34, RI-FI","DATO: El Reglamento General de Docencia de Pregrado y las Normas de Ingreso a las Carreras de Pregrado prevalecen sobre el presente Reglamento Interno de Docencia de Pregrado.
CITA: [Art. 34°, RI-FI]",1,1,1,NA,Dato completo (se aceptan paráfrasis y equivalencias numéricas) y todas las fuentes requeridas.,7cec47086f6205346515839f6f42cf5701f10ea6e4b1ab14901f5bcb557dd311,IA; pendiente de validación por el equipo
rag,32,cruce,Quiero modificar las asignaturas inscritas este segundo semestre 2026. ¿Hasta qué fecha?,hasta el 04 de septiembre de 2026,"CAL 2º sem 2026 (Art. 9, RI-FI)","DATO: 04 de septiembre
CITA: [Calendario 2026, Segundo Semestre 2026]",1,1,1,NA,"La fecha y el calendario citados responden íntegramente la consulta; Art. 9 RI-FI entre paréntesis es contexto adicional, no fuente necesaria del dato pedido.",ba646677a1620a20f87ae7438aa0eae75ac8a50c7158eb94d10da48cadc11457,IA; pendiente de validación por el equipo
rag,33,cruce,¿Hasta qué fecha se pueden modificar asignaturas en el primer semestre 2026?,hasta el 02 de abril de 2026,"CAL 1er sem 2026 (Art. 9, RI-FI)","DATO: 02 de abril
CITA: [Calendario 2026, Primer Semestre 2026]",1,1,1,NA,"La fecha y el calendario citados responden íntegramente la consulta; Art. 9 RI-FI entre paréntesis es contexto adicional, no fuente necesaria del dato pedido.",05508e90b5b0aaaffd191ab692f6c164ed93cd3ee31d971f12ca3df7c073203c,IA; pendiente de validación por el equipo
rag,34,cruce,¿Tengo derecho a suspender estudios y hasta cuándo puedo hacerlo?,"sí; dentro de los plazos del calendario, a más tardar 4 semanas antes del término",Art. 25 RI-FI + Art. 31 RG,"DATO: Los alumnos de pregrado podrán solicitar suspender estudios hasta cuatro semanas antes del término del periodo lectivo respectivo.
CITA: [Art. 31, RG]",1,1,1,NA,"El Art. 31 RG citado contiene tanto el derecho a suspender como el plazo máximo de cuatro semanas; Art. 25 RI-FI añade trámite, no exigido en la pregunta.",33adceab77ef63c870ef7fb5cca6e7e1a88ddd12d5733f4ec4ccd4b134c9d966,IA; pendiente de validación por el equipo
rag,35,cruce,¿Cuándo inician las clases del segundo semestre 2026?,10 de agosto de 2026,CAL 2º sem 2026,"DATO: 10 de agosto
CITA: [Calendario 2026, Segundo Semestre 2026]: Inicio de Clases — 10 de agosto",1,1,1,NA,Dato completo (se aceptan paráfrasis y equivalencias numéricas) y todas las fuentes requeridas.,102e14159498821c8f33014b9b0c2e8a6371690acf37a43828dec2901c46b68b,IA; pendiente de validación por el equipo
rag,36,cruce,¿En qué fechas se inscriben las asignaturas del segundo semestre 2026 y cuál es el mínimo de créditos?,inscripción 03–07 de agosto de 2026; mínimo 8 créditos,"CAL 2º sem 2026 + Art. 8, RI-FI","DATO: [Calendario 2026, Segundo Semestre 2026]: Inscripción de Asignaturas — 03 – 07 de agosto
CITA: [Calendario 2026, Segundo Semestre 2026]",0,0,1,NA,Responde fechas pero omite mínimo de ocho créditos y Art. 8 RI-FI.,0812e4527ee35cca3c5c9fb71741bd1ccc654e54c4cd6c9c75af550bbe7ae8fd,IA; pendiente de validación por el equipo
rag,37,cruce,¿Cuándo termina el segundo semestre 2026 (término de clases)?,11 de diciembre de 2026,CAL 2º sem 2026,"DATO: 11 de diciembre
CITA: [Calendario 2026, Segundo Semestre 2026]: Término de Clases — 11 de diciembre",1,1,1,NA,Dato completo (se aceptan paráfrasis y equivalencias numéricas) y todas las fuentes requeridas.,043abc386e235b684da0c56bf7d58aba93e98b526844520ab7b7acf6404d9f17,IA; pendiente de validación por el equipo
rag,38,cruce,"La escala de notas del Reglamento General, ¿se aplica en Ingeniería, y cuál es la nota de aprobación?","sí, escala 1 a 7 (Art. 23, RG); se aprueba con 4,0 (Art. 11, RI-FI)",Art. 23 RG + Art. 11 RI-FI,"DATO: Sí, se aplica en Ingeniería. La nota de aprobación es 4,0 (cuatro coma cero).
CITA: [Art. 23, RG]",0,0,1,NA,Omite escala 1–7 y Art. 11 RI-FI; Art. 23 RG no basta para las dos fuentes requeridas.,1c33b1ccc9c661062f80fbc095e822373ac68fb7a9fd965a5125dbc1e7209071,IA; pendiente de validación por el equipo
rag,39,cruce,¿Cuándo son las Evaluaciones de Recuperación del segundo semestre 2026?,14–23 de diciembre de 2026,CAL 2º sem 2026 (Art. 12 RI-FI),"DATO: 14 – 23 de diciembre
CITA: [Calendario 2026, Segundo Semestre 2026]",1,1,1,NA,"El calendario citado da íntegramente las fechas pedidas; Art. 12 RI-FI regula el derecho a recuperación, no esas fechas.",bf53a1c1463fe342dfeb685c6d89764396cc488833666e41f0cbf6386edbb944,IA; pendiente de validación por el equipo
rag,40,cruce,¿Qué reglamento rige la Memoria de Título y cuánto pondera en la nota de titulación?,la rige el Reglamento de Memoria de Título de la FI (Art. 29); pondera un 40% (Art. 30),"Art. 29 y Art. 30, RI-FI","DATO: El Reglamento de Memoria de Título de la Facultad de Ingeniería rige la Memoria de Título y pesa un 40% en la nota de titulación.
CITA: [Art. 29°, RI-FI]",1,0,1,NA,Reglamento y 40% correctos; omite Art. 30 RI-FI que fundamenta la ponderación.,3a7d3c4909efc70e6d7cc0edb9af2dc7ee473cfd1912b3c87a61fb5c3896251a,IA; pendiente de validación por el equipo
rag,41,abstencion,¿Qué establece el Artículo 90 del Reglamento Interno de Docencia de Pregrado de Ingeniería?,"El artículo no existe: el RI-FI tiene solo 35 artículos -> debe indicarlo, no inventar",dato inexistente (RI-FI llega al Art. 35),"DATO: No está en la normativa  
CITA: Ninguna",NA,NA,1,1,"Abstención explícita sin añadir contenido inventado, aceptada según protocolo original.",0bc5ccc05e2121db96201851945a6bcadd5fd8baba9455c3823eb130f152023c,IA; pendiente de validación por el equipo
rag,42,abstencion,¿Qué requisitos fija el Artículo 36 del Reglamento Interno de Docencia de Pregrado de Ingeniería?,El artículo no existe: el reglamento termina en el Art. 35 -> debe indicarlo,dato inexistente (RI-FI llega al Art. 35),"DATO: No está en la normativa
CITA: Ninguna",NA,NA,1,1,"Abstención explícita sin añadir contenido inventado, aceptada según protocolo original.",f5b09bcc170b020d42856d88b7a75c01190587c7ff9ef1307591611e3b364eb6,IA; pendiente de validación por el equipo
rag,43,abstencion,¿Qué dispone el Artículo 100 del Reglamento General de Docencia de Pregrado?,El artículo no existe: el RG llega hasta el Art. 60 -> debe indicarlo,dato inexistente (RG llega al Art. 60),"DATO: No está en la normativa  
CITA: Ninguna",NA,NA,1,1,"Abstención explícita sin añadir contenido inventado, aceptada según protocolo original.",5d1aa71133e908fafee87fa71ad4b52b9ede25563dd06322c237d3b56cbde375,IA; pendiente de validación por el equipo
rag,44,abstencion,¿Qué señala el Artículo 70 del Reglamento General de Docencia de Pregrado?,El artículo no existe: el RG llega hasta el Art. 60 -> debe indicarlo,dato inexistente (RG llega al Art. 60),"DATO: No está en la normativa  
CITA: Ninguna",NA,NA,1,1,"Abstención explícita sin añadir contenido inventado, aceptada según protocolo original.",24df65fd658db75b32a2422eb6a13f83074d9a84f7ae37e021c062398e6b7009,IA; pendiente de validación por el equipo
rag,45,abstencion,¿Qué dice el inciso d) del Artículo 14 del RI-FI sobre las causales de baja académica?,"No existe el inciso d): el Art. 14 solo tiene a), b) y c) -> debe indicarlo",premisa falsa (Art. 14 solo a-c),"DATO: No está en la normativa
CITA: Ninguna",NA,NA,1,1,"Abstención explícita sin añadir contenido inventado, aceptada según protocolo original.",79808988220e9863cf6581a47945f8b50d71cdfce889f86d628681fbb7a037e4,IA; pendiente de validación por el equipo
rag,46,abstencion,¿Qué establece el inciso c) del Artículo 25 del RI-FI sobre los documentos para suspender estudios?,No existe el inciso c): el Art. 25 solo tiene a) y b) -> debe indicarlo,premisa falsa (Art. 25 solo a-b),"DATO: No está en la normativa
CITA: Ninguna",NA,NA,1,1,"Abstención explícita sin añadir contenido inventado, aceptada según protocolo original.",4d756aea58c424ffb6cd616729c5df862900c8009a2d92b74a84d87bfcd849ce,IA; pendiente de validación por el equipo
rag,47,abstencion,"Además del mínimo de créditos, ¿cuál es el número máximo de créditos que fija el Artículo 8 del RI-FI para inscribir por semestre?","El Art. 8 no fija un máximo, solo un mínimo (8) -> debe indicarlo",premisa falsa (Art. 8 solo fija mínimo),"DATO: No está en la normativa
CITA: Ninguna",NA,NA,1,1,"Abstención explícita sin añadir contenido inventado, aceptada según protocolo original.",835484f8f7790126d7e8c6137be1a8d1a7db7b356637a7c58ec40bf508bf7be7,IA; pendiente de validación por el equipo
rag,48,abstencion,¿Cuál es la nota mínima que fija el Artículo 12 del RI-FI para la Evaluación de Recuperación?,El Art. 12 no fija una nota mínima; solo otorga el derecho a la recuperación -> debe indicarlo,premisa falsa (Art. 12 no fija nota),"DATO: No está en la normativa
CITA: Ninguna",NA,NA,1,1,"Abstención explícita sin añadir contenido inventado, aceptada según protocolo original.",ba5ca7586e5ae7ccfb01940a2e73698e5a89607489d28b2f32ac9bd78a70b0f6,IA; pendiente de validación por el equipo
rag,49,abstencion,"Según el calendario de docencia 2026, ¿qué feriado nacional cae el 30 de septiembre?",No hay feriado el 30 de septiembre; el feriado de septiembre 2026 es el día 18 -> debe indicarlo,dato inexistente (CAL 2026),"DATO: No está en la normativa
CITA: Ninguna",NA,NA,1,1,"Abstención explícita sin añadir contenido inventado, aceptada según protocolo original.",cb15fb1687a34bf219bc997c63f4b0e8b5749fa7dd1017106d9be16bb49158d6,IA; pendiente de validación por el equipo
rag,50,abstencion,"El Artículo 19 del RI-FI exige promedio 5,0 para una segunda carrera simultánea; ¿qué promedio exige ese artículo para una tercera carrera simultánea?",El Art. 19 no contempla una tercera carrera simultánea -> debe indicarlo,premisa falsa (Art. 19 no lo contempla),"DATO: No está en la normativa
CITA: Ninguna",NA,NA,1,1,"Abstención explícita sin añadir contenido inventado, aceptada según protocolo original.",109c6de3ab7f1516c515697f5d82c013cb4ca2994d5741a0b099333c7d0e439a,IA; pendiente de validación por el equipo
