pregunta_id,pregunta,categoria,variante,respuesta_modelo,tokens_entrada,tokens_salida,motivo_parada,posible_corte,thinking_inesperado,segundos,segundos_recuperacion,segundos_consulta,pico_memoria_gpu_gb,semilla,prompt_sha256,evidencia_sha256,respuesta_sha256,run_hash
1,¿Cuál es la nota mínima para aprobar una asignatura en la Facultad de Ingeniería?,factual,baseline_directo,"La nota mínima para aprobar una asignatura en la Facultad de Ingeniería de la Universidad de Concepción es **14/20**, según el **Artículo 8** de la Normativa de Pregrado.",120,51,eos,False,False,5.4319,0.0,5.4319,2.5624,2027,2a2ea30e03bf22c1db43e1cd73329bf39b5b2e5bbafef4a48ac1edbe95c20333,12ae32cb1ec02d01eda3581b127c1fee3b0dc53572ed6baf239721a03d82e126,ca7688ed44a4aff259a0a5867916b0d0d72d41fc200df1ffd0c3e0a32991acf2,f0bff499766960f7bf41e9c8a29bcb9d74fac7d2431dc2663a5ccfe8304cc598
2,¿Cuántas evaluaciones sumativas como mínimo debe tener una asignatura?,factual,baseline_directo,"La cantidad mínima de evaluaciones sumativas que debe tener una asignatura no está especificada en la normativa de pregrado de la Facultad de Ingeniería de la Universidad de Concepción. Por lo tanto, no está en la normativa.",112,55,eos,False,False,5.9887,0.0,5.9887,2.5602,2028,b53c7aab0fb396e79c4eb593e79c88fb231a3d2616701a2b1684d62477743fef,12ae32cb1ec02d01eda3581b127c1fee3b0dc53572ed6baf239721a03d82e126,914dc3bcf2c6d903bd24e7849c735af836abbde498568e2520c63e53309e6287,f0bff499766960f7bf41e9c8a29bcb9d74fac7d2431dc2663a5ccfe8304cc598
3,¿A cuántas evaluaciones de recuperación tiene derecho el estudiante por asignatura?,factual,baseline_directo,"La cantidad de evaluaciones de recuperación que tiene derecho el estudiante por asignatura no está especificada en la normativa de pregrado de la Facultad de Ingeniería de la Universidad de Concepción. Por lo tanto, no está en la normativa.",115,57,eos,False,False,6.7496,0.0,6.7496,2.5609,2029,a636d63d6eb4a3a9614525fda8ebe18013faadcc96a494edfb7884628a1fb8bd,12ae32cb1ec02d01eda3581b127c1fee3b0dc53572ed6baf239721a03d82e126,ceb91209162506d12263c633b395110013ba55294cbdc4cb6a3718d37b5fdde6,f0bff499766960f7bf41e9c8a29bcb9d74fac7d2431dc2663a5ccfe8304cc598
4,¿En qué escala se expresa la nota final de una asignatura?,factual,baseline_directo,"La nota final de una asignatura se expresa en una escala de 0 a 7, según el **Art. 8** de la Normativa de Pregrado de la Facultad de Ingeniería de la Universidad de Concepción.",112,54,eos,False,False,6.3552,0.0,6.3552,2.5602,2030,146a7a4cce1a853eda32f03ab1ea9be42500de32bf2179bbf3383e2623e3825f,12ae32cb1ec02d01eda3581b127c1fee3b0dc53572ed6baf239721a03d82e126,fab409b1d5c51d333f909fb68281c570bd9423964be7eafa27e93fc58771bfb3,f0bff499766960f7bf41e9c8a29bcb9d74fac7d2431dc2663a5ccfe8304cc598
5,¿Cuál es la actividad final de titulación en las carreras de Ingeniería?,factual,baseline_directo,"La actividad final de titulación en las carreras de Ingeniería es el **Trabajo de Fin de Carrera (TFC)**, según el **Art. 11** de la Normativa de Pregrado de la Facultad de Ingeniería de la Universidad de Concepción.",116,64,eos,False,False,7.2457,0.0,7.2457,2.561,2031,4ae6b47340e65aef4061fa2ba279e6ec147e0e7e5be4bad89b4524196ea48a55,12ae32cb1ec02d01eda3581b127c1fee3b0dc53572ed6baf239721a03d82e126,dd98b698d71bb6a9e8da0fcebcfcee33a9646f208cd98487e05aac4a53611a79,f0bff499766960f7bf41e9c8a29bcb9d74fac7d2431dc2663a5ccfe8304cc598
6,¿Con cuánta anticipación mínima deben comunicarse las evaluaciones a los estudiantes?,factual,baseline_directo,"La normativa no establece una fecha específica de anticipación para las evaluaciones, pero según el **Art. 11** de la Reglamentación General de la Facultad de Ingeniería, los profesores deben comunicar las fechas y horarios de las evaluaciones al menos **dos semanas antes de su realización**.",115,73,eos,False,False,8.4929,0.0,8.4929,2.5609,2032,1c319ad42d8e929ad8a6c27739eec35baf2a4cebbf0fd5430a51e54dd6d1578e,12ae32cb1ec02d01eda3581b127c1fee3b0dc53572ed6baf239721a03d82e126,55345eddf3f4780fd893da9e8710ad1f310e48692f6365ce96bad5bb3e352c5f,f0bff499766960f7bf41e9c8a29bcb9d74fac7d2431dc2663a5ccfe8304cc598
7,¿Quién resuelve en primera instancia una solicitud de continuación de estudios?,factual,baseline_directo,Art. 8. El director de carrera resuelve en primera instancia una solicitud de continuación de estudios.,113,24,eos,False,False,2.8103,0.0,2.8103,2.5604,2033,8a6a312286677842a27cef65a42fc6a923bdd568a21952d404c5cf1a8acf634e,12ae32cb1ec02d01eda3581b127c1fee3b0dc53572ed6baf239721a03d82e126,f1fa504a5baf0bfb1ebc5eef485310bbb82bf6c6b6a9a9e025dd4976c743058c,f0bff499766960f7bf41e9c8a29bcb9d74fac7d2431dc2663a5ccfe8304cc598
8,¿La renuncia a la carrera es revocable?,factual,baseline_directo,"La renuncia a la carrera no es revocable, según el **Art. 13** de la normativa de pregrado de la Facultad de Ingeniería de la Universidad de Concepción.",108,46,eos,False,False,5.9037,0.0,5.9037,2.5596,2034,264bca1f931c8a66530926e88ccfc0bb97aa2e4da5ff80baae45f34d68451f00,12ae32cb1ec02d01eda3581b127c1fee3b0dc53572ed6baf239721a03d82e126,1f742604eb974735b6bea051f1638f29fd7a27ec3105638d80aabb5e26eb6372,f0bff499766960f7bf41e9c8a29bcb9d74fac7d2431dc2663a5ccfe8304cc598
9,¿Cuántos períodos lectivos ordinarios tiene el año académico y cuánto duran?,factual,baseline_directo,"El año académico tiene **dos períodos lectivos ordinarios**, cada uno de **16 semanas**.  
Art. 10.",119,32,eos,False,False,3.5936,0.0,3.5936,2.5622,2035,328083ca809b81a2f98e307c078bf3cc91a71d09f230f2aa671b30df2f647ab1,12ae32cb1ec02d01eda3581b127c1fee3b0dc53572ed6baf239721a03d82e126,dc2ddfef5c6cd67d426c36a7752a7f96f34b02ffe816435a812cd76ab3cc74c5,f0bff499766960f7bf41e9c8a29bcb9d74fac7d2431dc2663a5ccfe8304cc598
10,¿Los estudiantes de Primer Año Común pueden convalidar asignaturas?,factual,baseline_directo,"Sí, los estudiantes de Primer Año Común pueden convalidar asignaturas, según el **Art. 15** de la Normativa de Pregrado de la Facultad de Ingeniería de la Universidad de Concepción.",112,52,eos,False,False,5.8182,0.0,5.8182,2.5602,2036,df16db1fb43601ede602e302bf6228e0e2ce851eb8ff82befde20b2b0155bc39,12ae32cb1ec02d01eda3581b127c1fee3b0dc53572ed6baf239721a03d82e126,fe81213e5a13acd6c99b424cf26348cad5bd793e11a45b8de42ac245bfda0ecd,f0bff499766960f7bf41e9c8a29bcb9d74fac7d2431dc2663a5ccfe8304cc598
11,¿Cuál es el mínimo de créditos que debo inscribir por período lectivo ordinario en Ingeniería?,numerica,baseline_directo,Art. 8. El estudiante deberá inscribirse en al menos 60 créditos por período lectivo ordinario.,122,29,eos,False,False,3.9998,0.0,3.9998,2.5628,2037,eb5844f4347e703ac20ab09fce164b487933bce081751a83d5bb26040ca86942,12ae32cb1ec02d01eda3581b127c1fee3b0dc53572ed6baf239721a03d82e126,ff069b7820528c1d8a9417ff0d30a9148e8f9739fe7929d8a3a51313e7cd4bfc,f0bff499766960f7bf41e9c8a29bcb9d74fac7d2431dc2663a5ccfe8304cc598
12,¿Con menos de cuántos créditos aprobados al término del segundo semestre quedo en baja académica?,numerica,baseline_directo,Art. 15. Queda en baja académica el estudiante que al término del segundo semestre no aprobé al menos 12 créditos.,122,37,eos,False,False,4.0466,0.0,4.0466,2.5628,2038,34c8e55111ef0c624210295f627586781cb0131284f56b63b44acad9b9ce4be8,12ae32cb1ec02d01eda3581b127c1fee3b0dc53572ed6baf239721a03d82e126,1f9b47840b4329a4239d6625ffb1519edff81a3f19eca5972316918a123bed6c,f0bff499766960f7bf41e9c8a29bcb9d74fac7d2431dc2663a5ccfe8304cc598
13,¿Bajo qué promedio de créditos aprobados por semestre (desde el 4º) se cae en baja académica?,numerica,baseline_directo,No está en la normativa.,128,8,eos,False,False,1.2178,0.0,1.2178,2.5638,2039,feb96f03cb4b3877fbc8c55180f905e34e4c4735760fda690fb74c3e7c771f4d,12ae32cb1ec02d01eda3581b127c1fee3b0dc53572ed6baf239721a03d82e126,6f2b1d78f15adae131224ac119c910bd63a870dcf120ccdde2fbed8a5bccdb41,f0bff499766960f7bf41e9c8a29bcb9d74fac7d2431dc2663a5ccfe8304cc598
14,¿Cuál es la asistencia mínima máxima que un profesor puede exigir en clases teóricas y prácticas?,numerica,baseline_directo,"La asistencia mínima y máxima que un profesor puede exigir en clases teóricas y prácticas no está especificada en la normativa de pregrado de la Facultad de Ingeniería de la Universidad de Concepción. Por lo tanto, **no está en la normativa**.",124,66,eos,False,False,7.8299,0.0,7.8299,2.5631,2040,9672ed102263a91ce347e1ada9c708d167a7854598d8d350d163ac8c374235ee,12ae32cb1ec02d01eda3581b127c1fee3b0dc53572ed6baf239721a03d82e126,24e004bf0f1abd86f4eeea6ad108c01037bbc03d62a626bd461e7aea671f23a0,f0bff499766960f7bf41e9c8a29bcb9d74fac7d2431dc2663a5ccfe8304cc598
15,¿Qué calificación mínima se exige para convalidar una asignatura?,numerica,baseline_directo,No está en la normativa.,113,8,eos,False,False,1.2246,0.0,1.2246,2.5604,2041,6f3b7a4830bbef599c0495e3a64385db4e49f2bb7b144e16f31ec5fc0ffd42b8,12ae32cb1ec02d01eda3581b127c1fee3b0dc53572ed6baf239721a03d82e126,6f2b1d78f15adae131224ac119c910bd63a870dcf120ccdde2fbed8a5bccdb41,f0bff499766960f7bf41e9c8a29bcb9d74fac7d2431dc2663a5ccfe8304cc598
16,"¿Durante cuántas semanas iniciales se puede solicitar convalidación, revalidación o reconocimiento?",numerica,baseline_directo,"Art. 12. La convalidación, revalidación o reconocimiento podrá solicitarse durante las primeras 6 (seis) semanas del cuatrimestre.",121,39,eos,False,False,4.2879,0.0,4.2879,2.5626,2042,88e5e3c37b396ddaafdff7723b0b7922a75fd415456c6856f0f08ea691251edf,12ae32cb1ec02d01eda3581b127c1fee3b0dc53572ed6baf239721a03d82e126,85d0e8502c59c3843688b55274a6042fba26264ba1168c7c827d54c237adc1a1,f0bff499766960f7bf41e9c8a29bcb9d74fac7d2431dc2663a5ccfe8304cc598
17,¿Dentro de cuántos días se puede solicitar el reconocimiento de asignaturas?,numerica,baseline_directo,"La solicitud de reconocimiento de asignaturas debe hacerse dentro de los **15 días hábiles** siguientes a la fecha de inicio del semestre académico, según el **Art. 12** de la Normativa de Pregrado de la Facultad de Ingeniería de la Universidad de Concepción.",116,69,eos,False,False,7.9293,0.0,7.9293,2.561,2043,ec7f5e1ec7e0969e8bc557640940a5d1cebf70e946405ec06ff98f84a79bbc38,12ae32cb1ec02d01eda3581b127c1fee3b0dc53572ed6baf239721a03d82e126,38ab0b5273af9edf922b69475062082e883a35123e101ad97a97d8909afd3797,f0bff499766960f7bf41e9c8a29bcb9d74fac7d2431dc2663a5ccfe8304cc598
18,"Si suspendí más de 3 años y solo me faltaba la Memoria, ¿cuántos créditos adicionales máximo debo cursar?",numerica,baseline_directo,La pregunta no está contemplada en la normativa de pregrado de la Facultad de Ingeniería de la Universidad de Concepción. No existe un artículo que establezca el número de créditos adicionales que debe cursar un estudiante que suspendió más de 3 años y solo faltaba la Memoria.,128,70,eos,False,False,7.7546,0.0,7.7546,2.5638,2044,033f08dda99d53819d3612d8f0e081b6c0925b7db994ad923969752805f00692,12ae32cb1ec02d01eda3581b127c1fee3b0dc53572ed6baf239721a03d82e126,fe690adc9c300937a87502da81c77f3536234315fc2bb27b78045fa94a1a373d,f0bff499766960f7bf41e9c8a29bcb9d74fac7d2431dc2663a5ccfe8304cc598
19,¿Cuántas semanas dura cada período lectivo ordinario (semestre)?,numerica,baseline_directo,"El período lectivo ordinario dura **18 semanas**, según el **Art. 8** de la normativa de pregrado de la Facultad de Ingeniería de la Universidad de Concepción.",113,46,eos,False,False,5.2434,0.0,5.2434,2.5604,2045,aa441c88f0cf4323c64e26623dd648c07f5e4774746573c0c9a85e4b2c14967c,12ae32cb1ec02d01eda3581b127c1fee3b0dc53572ed6baf239721a03d82e126,40d13145c0046e3cc8ad9ef443445f6e7cedb739b698601f24f1fc5f2f924d7c,f0bff499766960f7bf41e9c8a29bcb9d74fac7d2431dc2663a5ccfe8304cc598
20,¿Cuál es el plazo (en días hábiles) para regularizar una evaluación no rendida por causa justificada?,numerica,baseline_directo,"El plazo para regularizar una evaluación no rendida por causa justificada es de **15 días hábiles**, según el **Art. 12** de la Normativa de Pregrado de la Facultad de Ingeniería de la Universidad de Concepción.",125,61,eos,False,False,7.0683,0.0,7.0683,2.5633,2046,e940878b31b1d4f3f9fcba02b363b03ac7dd7cbd345c360a15d0e09e067dc4e0,12ae32cb1ec02d01eda3581b127c1fee3b0dc53572ed6baf239721a03d82e126,38f7d3e7ff26f190f0e02d1c1d4c00fca747a74e799dced7407c01af0f26f6a7,f0bff499766960f7bf41e9c8a29bcb9d74fac7d2431dc2663a5ccfe8304cc598
21,"Si vengo de otra universidad y quiero ingresar a Ingeniería, ¿qué promedio necesito? ¿Y para cambio dentro de Ingeniería?",condicional,baseline_directo,"La normativa de pregrado de la Facultad de Ingeniería de la Universidad de Concepción no establece específicamente el promedio necesario para ingresar a Ingeniería desde otra universidad ni para cambio dentro de la carrera. Por lo tanto, **no está en la normativa**.",128,63,eos,False,False,6.7257,0.0,6.7257,2.5638,2047,ec00a54ef2792825242718f89b595aabfeea9c47316eff04a535c2047362e9df,12ae32cb1ec02d01eda3581b127c1fee3b0dc53572ed6baf239721a03d82e126,93896e118f4387423b76af9c3742a1ef56a8ff4694098edabd2c4fd73852907d,f0bff499766960f7bf41e9c8a29bcb9d74fac7d2431dc2663a5ccfe8304cc598
22,¿Qué promedio mínimo se exige para cursar una segunda carrera de forma simultánea?,condicional,baseline_directo,"La normativa de pregrado de la Facultad de Ingeniería de la Universidad de Concepción no establece un promedio mínimo específico para cursar una segunda carrera de forma simultánea. Por lo tanto, **no está en la normativa**.",116,56,eos,False,False,5.9021,0.0,5.9021,2.561,2048,f1f17fa52875516d2eab10290f9f45aeeb6ecbdfb7726b17dd374cdab28352df,12ae32cb1ec02d01eda3581b127c1fee3b0dc53572ed6baf239721a03d82e126,525373576930a4afd67efc63ff517e55eaab701b4910234a28f186ec480820f5,f0bff499766960f7bf41e9c8a29bcb9d74fac7d2431dc2663a5ccfe8304cc598
23,¿En qué caso NO se puede revalidar una asignatura?,condicional,baseline_directo,"No se puede revalidar una asignatura en el caso en que la misma no haya sido cursada en el país del que se proviene, según el **Art. 10** de la Normativa de Pregrado de la Facultad de Ingeniería de la Universidad de Concepción.",110,64,eos,False,False,7.9222,0.0,7.9222,2.5599,2049,5eca14838c229eb93650e4e926a757e24e501603e9282bf209b03ad25a0cbc20,12ae32cb1ec02d01eda3581b127c1fee3b0dc53572ed6baf239721a03d82e126,cd318026867d445c5f4a4d72dbd22b5cc3461826a60afb215c9bfadb799a817f,f0bff499766960f7bf41e9c8a29bcb9d74fac7d2431dc2663a5ccfe8304cc598
24,"Si repruebo por segunda vez una misma asignatura obligatoria, ¿qué ocurre?",condicional,baseline_directo,"Si repruebas por segunda vez una misma asignatura obligatoria, la normativa establece que no podrás repetirla más de dos veces. En caso de no aprobar en la segunda oportunidad, la asignatura no se podrá repetir nuevamente, según el Art. 15 de la Reglamentación General de la Facultad de Ingeniería.",115,80,eos,False,False,9.0709,0.0,9.0709,2.5609,2050,99afa2f0d1b5a2f7461b0b69d6d3ce6417b4c60b670babab24a5478b4a25c625,12ae32cb1ec02d01eda3581b127c1fee3b0dc53572ed6baf239721a03d82e126,1fe6f00e3a35a39c042c37fd2d1817c35b598e05b0f9dd239464e1dabfb3a166,f0bff499766960f7bf41e9c8a29bcb9d74fac7d2431dc2663a5ccfe8304cc598
25,"Al modificar la inscripción, ¿qué asignaturas NO puedo eliminar?",condicional,baseline_directo,"La normativa de pregrado de la Facultad de Ingeniería de la Universidad de Concepción no especifica directamente qué asignaturas no pueden eliminarse al modificar la inscripción. Sin embargo, según el **Art. 12** del Reglamento de Pregrado, las asignaturas que forman parte del plan de estudios obligatorio no pueden ser eliminadas sin el consentimiento del coordinador de carrera. Por lo tanto, las asignaturas que son obligatorias en el plan de estudios no pueden eliminarse sin autorización.",111,118,eos,False,False,12.7223,0.0,12.7223,2.56,2051,296cb86b43611cf4b5cb339e50edc0a1d2906fa6f966f7ebe28cdc19d1cdfa8f,12ae32cb1ec02d01eda3581b127c1fee3b0dc53572ed6baf239721a03d82e126,304541b738b4e388c1ce34d5fd3cc79024a91d2dca50e0116033e0b60e07e4de,f0bff499766960f7bf41e9c8a29bcb9d74fac7d2431dc2663a5ccfe8304cc598
26,"Si suspendí mis estudios, ¿qué debo hacer para volver?",condicional,baseline_directo,"Si suspendiste tus estudios, debes presentarte a la **Unidad de Atención a Estudiantes en Situación de Suspensión (UAES)** para realizar el trámite de **reingreso a estudios**. Este trámite está regulado en el **Art. 15** de la **Reglamentación de Estudios de Pregrado**.",111,83,eos,False,False,8.3694,0.0,8.3694,2.56,2052,8cc2ee45c4fd052f6680065c9e42e7e89591bf57054bd010ed21bb173e4e9b63,12ae32cb1ec02d01eda3581b127c1fee3b0dc53572ed6baf239721a03d82e126,4fa6a9c39aecbaabbeba485b5247fafd837cf3a3e47b369c1da4662e9a8d305d,f0bff499766960f7bf41e9c8a29bcb9d74fac7d2431dc2663a5ccfe8304cc598
27,¿Qué documentos requiere la solicitud de suspensión de estudios?,condicional,baseline_directo,"La solicitud de suspensión de estudios no está prevista en la normativa de pregrado de la Facultad de Ingeniería de la Universidad de Concepción. Por lo tanto, no está en la normativa.",111,49,eos,False,False,6.1742,0.0,6.1742,2.56,2053,d26b3fb2cd3280bd501ebe3f1211303f74ddb98cbbd7a799ce92df15b6b79815,12ae32cb1ec02d01eda3581b127c1fee3b0dc53572ed6baf239721a03d82e126,9e8d99cec9d1b8ce64b86b133d735b103c8acb21747de6773db1abc8e3926a0c,f0bff499766960f7bf41e9c8a29bcb9d74fac7d2431dc2663a5ccfe8304cc598
28,"Si estando habilitado no inscribo asignaturas en el período, ¿qué pasa?",condicional,baseline_directo,"Si estando habilitado no inscribo asignaturas en el período, se considera que no se ha cumplido con el obligado registro académico, lo cual puede generar sanciones según el Reglamento de Estudio de la Facultad de Ingeniería, Art. 15.",116,66,eos,False,False,6.7565,0.0,6.7565,2.561,2054,a55b1fc732d9d52593121482b5fce2ba1af9f3899c06efcdcd5674136ffc8d43,12ae32cb1ec02d01eda3581b127c1fee3b0dc53572ed6baf239721a03d82e126,bd7a522263668906b1f8a7a3e9b6d7c35ab6bd7a5157bec32408207b981b4cb1,f0bff499766960f7bf41e9c8a29bcb9d74fac7d2431dc2663a5ccfe8304cc598
29,"Si no me presento a una evaluación por causa justificada, ¿qué puedo hacer?",condicional,baseline_directo,"Si no te presentas a una evaluación por causa justificada, según el Reglamento de Evaluación de la Facultad de Ingeniería de la Universidad de Concepción (Art. 14), podrás solicitar la extensión del plazo de presentación de la evaluación ante el Coordinador de Carrera, adjuntando la justificación adecuada. La extensión será concedida en caso de que la causa justificada sea acreditada.",116,103,eos,False,False,11.3167,0.0,11.3167,2.561,2055,cf6d4e4d56ca7c8f442a6a70f5ccf51205394ef1c3cc2a7b43c694fe2e479835,12ae32cb1ec02d01eda3581b127c1fee3b0dc53572ed6baf239721a03d82e126,3cb5e04a4f58dd3fa0ccb5b7b11b85d114254d7588acb1c0d40d3e9dc6f5d718,f0bff499766960f7bf41e9c8a29bcb9d74fac7d2431dc2663a5ccfe8304cc598
30,"¿Cuánta asistencia puede exigir un profesor en un laboratorio, taller o salida a terreno?",condicional,baseline_directo,"La normativa no establece una cantidad específica de asistencia que puede exigir un profesor en un laboratorio, taller o salida a terreno. Sin embargo, se menciona en el **Art. 11** de la normativa de pregrado de la Facultad de Ingeniería de la Universidad de Concepción que el profesor debe garantizar la asistencia necesaria para el desarrollo de las actividades académicas, incluyendo laboratorios, talleres y salidas a terreno. No hay un límite numérico establecido.",120,119,eos,False,False,12.9155,0.0,12.9155,2.5624,2056,963910a7278229cd5840a9d4f0aa33ced92c1b56355114c67bce0baefd9ac7d2,12ae32cb1ec02d01eda3581b127c1fee3b0dc53572ed6baf239721a03d82e126,216b89c682e807f4abafd338c5356dafcb39b68cb94268761d3a5332179851e0,f0bff499766960f7bf41e9c8a29bcb9d74fac7d2431dc2663a5ccfe8304cc598
31,"Si el Reglamento Interno de Ingeniería contradice al Reglamento General de Docencia, ¿cuál prevalece?",cruce,baseline_directo,"Según el **Art. 10** del Reglamento Interno de Ingeniería, los reglamentos internos de las facultades, escuelas y departamentos son **normas de aplicación interna** y **no tienen fuerza de obligación** frente a los reglamentos generales de la Universidad. Por lo tanto, **el Reglamento General de Docencia prevalece** sobre el Reglamento Interno de Ingeniería.",125,99,eos,False,False,10.9367,0.0,10.9367,2.5633,2057,1d3c14a8ef3b79dd7b876fe851542dcc13e82cfa04686829045256ece1036cb7,12ae32cb1ec02d01eda3581b127c1fee3b0dc53572ed6baf239721a03d82e126,857f0132efd008b3c2dcebe4dca22cd4875a7974321b90a159886cc46e76c1a1,f0bff499766960f7bf41e9c8a29bcb9d74fac7d2431dc2663a5ccfe8304cc598
32,Quiero modificar las asignaturas inscritas este segundo semestre 2026. ¿Hasta qué fecha?,cruce,baseline_directo,"La fecha límite para modificar las asignaturas inscritas en el segundo semestre 2026 es **30 de abril de 2026**, según el **Art. 11** de la normativa de pregrado de la Facultad de Ingeniería de la Universidad de Concepción.",121,69,eos,False,False,6.9893,0.0,6.9893,2.5626,2058,d0af69a029de63660df0ec62f8d9d473d4d95330895a1b699029817a6a77b06f,12ae32cb1ec02d01eda3581b127c1fee3b0dc53572ed6baf239721a03d82e126,f38ed519d5652d2e87339d91ade5d932c9bb80a1c88495c1b7b66e39156be3ad,f0bff499766960f7bf41e9c8a29bcb9d74fac7d2431dc2663a5ccfe8304cc598
33,¿Hasta qué fecha se pueden modificar asignaturas en el primer semestre 2026?,cruce,baseline_directo,"La fecha límite para modificar asignaturas en el primer semestre 2026 no está especificada en la normativa general de pregrado de la Facultad de Ingeniería de la Universidad de Concepción. Sin embargo, se recomienda consultar el Reglamento Académico o el calendario académico oficial de la universidad para obtener la información precisa. Si no está disponible en la normativa, se debe consultar con el Departamento de Registros Académicos.",117,103,eos,False,False,11.3621,0.0,11.3621,2.5612,2059,9e832f9d5c4c09f16bbede45fafd21080356001905b4e2e665c18b0b3ce6e3c4,12ae32cb1ec02d01eda3581b127c1fee3b0dc53572ed6baf239721a03d82e126,eb78cabdf26e97b8767ba7ad1245a323bd37e5f4bac32be4cb4679aeff029a42,f0bff499766960f7bf41e9c8a29bcb9d74fac7d2431dc2663a5ccfe8304cc598
34,¿Tengo derecho a suspender estudios y hasta cuándo puedo hacerlo?,cruce,baseline_directo,"La suspensión de estudios está regulada en el **Art. 12** de la Normativa de Pregrado de la Facultad de Ingeniería de la Universidad de Concepción. Este artículo establece que el estudiante tiene derecho a suspender sus estudios durante un período máximo de **dos años**, siempre que lo solicite por escrito a la Coordinación de Pregrado y se acredite una justificación adecuada.",114,97,eos,False,False,9.8514,0.0,9.8514,2.5605,2060,cec98b94a9f8c011b173ec3602643607b1c7f460b9fe4f5b8caa1f079fbea20b,12ae32cb1ec02d01eda3581b127c1fee3b0dc53572ed6baf239721a03d82e126,5fc20ad7e89f5da11fa3ec4e5b675d72b8d24fd63d843038054ede0625649883,f0bff499766960f7bf41e9c8a29bcb9d74fac7d2431dc2663a5ccfe8304cc598
35,¿Cuándo inician las clases del segundo semestre 2026?,cruce,baseline_directo,La fecha de inicio de las clases del segundo semestre 2026 no está especificada en la normativa de pregrado de la Facultad de Ingeniería de la Universidad de Concepción.,114,45,eos,False,False,5.7235,0.0,5.7235,2.5605,2061,6915bd02e4fa8814ff893a4fe304dd29d748abcfc7bd9c4bb4af3c063f21cade,12ae32cb1ec02d01eda3581b127c1fee3b0dc53572ed6baf239721a03d82e126,96ee8d648d1fa41867df34335054eeff12a89de17bdf0acdae17597c6d3e5711,f0bff499766960f7bf41e9c8a29bcb9d74fac7d2431dc2663a5ccfe8304cc598
36,¿En qué fechas se inscriben las asignaturas del segundo semestre 2026 y cuál es el mínimo de créditos?,cruce,baseline_directo,La normativa de pregrado de la Facultad de Ingeniería de la Universidad de Concepción no establece fechas específicas para la inscripción de asignaturas del segundo semestre 2026 ni el mínimo de créditos requerido. Esta información es manejada por el Departamento de Registros y Secretaría Académica de la facultad. Se recomienda consultar el calendario académico oficial o contactar con el departamento correspondiente para obtener los detalles exactos.,127,106,eos,False,False,11.3654,0.0,11.3654,2.5636,2062,1d90138b627f701b9f636f94c904f57ad34038e25d81961cbe0ac84ea0208d7b,12ae32cb1ec02d01eda3581b127c1fee3b0dc53572ed6baf239721a03d82e126,608376b4783252ff9f4cee148b8d04cc873ca890b4ca1f5d63526c06e15f2588,f0bff499766960f7bf41e9c8a29bcb9d74fac7d2431dc2663a5ccfe8304cc598
37,¿Cuándo termina el segundo semestre 2026 (término de clases)?,cruce,baseline_directo,"La fecha de término de clases para el segundo semestre 2026 no está especificada en la normativa general de pregrado. Sin embargo, según el Reglamento de Estudios de la Facultad de Ingeniería de la Universidad de Concepción, el término de clases generalmente se establece en el calendario académico oficial de la universidad. Para obtener la fecha exacta, se debe consultar el calendario académico del segundo semestre 2026.",118,106,eos,False,False,11.5417,0.0,11.5417,2.5621,2063,d0eed48d8912c478aaaa917ae31f76e528e3fdcff7df89f533dd4ab728c679a4,12ae32cb1ec02d01eda3581b127c1fee3b0dc53572ed6baf239721a03d82e126,1d98733a51ba9c2582f65328b796ef6eac32b7485ebfd18f63ae46f64034e0a7,f0bff499766960f7bf41e9c8a29bcb9d74fac7d2431dc2663a5ccfe8304cc598
38,"La escala de notas del Reglamento General, ¿se aplica en Ingeniería, y cuál es la nota de aprobación?",cruce,baseline_directo,"La escala de notas del Reglamento General **no se aplica en Ingeniería**. La escala de notas aplicable es la escala de 1 a 7, según el **Artículo 11** del Reglamento General. La nota de aprobación es **3.0 o más**.",127,70,eos,False,False,8.1876,0.0,8.1876,2.5636,2064,b23337568d140a4f699b4a35d38dfbda4bf6bb8368353bf626d3a7115cfd4436,12ae32cb1ec02d01eda3581b127c1fee3b0dc53572ed6baf239721a03d82e126,01b635be510eb2e9db25ccaeca38e0ae45289369f89e01a8cf4b3344f1a4953b,f0bff499766960f7bf41e9c8a29bcb9d74fac7d2431dc2663a5ccfe8304cc598
39,¿Cuándo son las Evaluaciones de Recuperación del segundo semestre 2026?,cruce,baseline_directo,"La fecha específica de las Evaluaciones de Recuperación del segundo semestre 2026 no está establecida en la normativa actual de pregrado de la Facultad de Ingeniería de la Universidad de Concepción. Por lo tanto, no está en la normativa.",118,62,eos,False,False,6.5187,0.0,6.5187,2.5621,2065,f62e67698d27c3a0d4eedda712e0a467c9c38ee8fea390b289aedee2ecf4eb2d,12ae32cb1ec02d01eda3581b127c1fee3b0dc53572ed6baf239721a03d82e126,f11fb7e54ad37fa65b45736b5bf98edbd53d5a08d0684ae550c5cd0c83c0137f,f0bff499766960f7bf41e9c8a29bcb9d74fac7d2431dc2663a5ccfe8304cc598
40,¿Qué reglamento rige la Memoria de Título y cuánto pondera en la nota de titulación?,cruce,baseline_directo,"La Memoria de Título está regida por el **Reglamento de Título de la Facultad de Ingeniería de la Universidad de Concepción**, específicamente el **Art. 15**. La Memoria de Título representa el **30%** de la nota de titulación.",123,67,eos,False,False,7.0797,0.0,7.0797,2.5629,2066,599f480ef08a5f2d5ef6902a0e7e8378d0e3a624306c30e727a0a8fc54a5add5,12ae32cb1ec02d01eda3581b127c1fee3b0dc53572ed6baf239721a03d82e126,632e3431964d230d109ee4118c864cb9404506f3ffe196abb98625de17f074ef,f0bff499766960f7bf41e9c8a29bcb9d74fac7d2431dc2663a5ccfe8304cc598
41,¿Qué establece el Artículo 90 del Reglamento Interno de Docencia de Pregrado de Ingeniería?,abstencion,baseline_directo,"El Artículo 90 del Reglamento Interno de Docencia de Pregrado de Ingeniería establece que **el docente debe garantizar la participación activa de los estudiantes en el proceso de enseñanza-aprendizaje**, promoviendo el desarrollo de habilidades críticas, la resolución de problemas y el pensamiento científico.",123,75,eos,False,False,8.5735,0.0,8.5735,2.5629,2067,07a3e9f2ff95e669c751cd6eae43228cca6aa07f291548991551c85a85cea430,12ae32cb1ec02d01eda3581b127c1fee3b0dc53572ed6baf239721a03d82e126,07a714b386f06d158f624130bc5069d0c53d6a0c74efa96aa8e462ad0d764432,f0bff499766960f7bf41e9c8a29bcb9d74fac7d2431dc2663a5ccfe8304cc598
42,¿Qué requisitos fija el Artículo 36 del Reglamento Interno de Docencia de Pregrado de Ingeniería?,abstencion,baseline_directo,"El Artículo 36 del Reglamento Interno de Docencia de Pregrado de Ingeniería fija los **requisitos mínimos para el ingreso al cuerpo docente de pregrado**. Estos requisitos incluyen:

- Ser egresado de una carrera universitaria en el área de conocimiento o haber obtenido el título de licenciatura o equivalente en el área de conocimiento.
- Tener un mínimo de 3 años de experiencia docente en el área de conocimiento o haber obtenido el título de doctorado en el área de conocimiento.
- Haber obtenido el título de doctorado en el área de conocimiento o haber cursado al menos 12 créditos en el área de conocimiento en el ámbito académico.

Art. 36.",125,171,eos,False,False,17.7646,0.0,17.7646,2.5633,2068,e74f8d9f23642bc2221970665ab8558ae696c8e27f13d5626af8023b508d7354,12ae32cb1ec02d01eda3581b127c1fee3b0dc53572ed6baf239721a03d82e126,157e96f3b7eb345c3844b683cfc0d32672a0ec009dc5b1db4516fa2255b09b6d,f0bff499766960f7bf41e9c8a29bcb9d74fac7d2431dc2663a5ccfe8304cc598
43,¿Qué dispone el Artículo 100 del Reglamento General de Docencia de Pregrado?,abstencion,baseline_directo,"El Artículo 100 del Reglamento General de Docencia de Pregrado establece que **el profesor que esté en el proceso de jubilación o en el de retiro, así como el profesor que esté en el proceso de jubilación o en el de retiro, no podrá ser nombrado como tutor o tutora de pregrado**. 

Art. 100.",119,90,eos,False,False,9.8568,0.0,9.8568,2.5622,2069,306c0f52a1ac13aef0a7223887b4772442e3f71cc162f4dd6f88be749fcb4dc6,12ae32cb1ec02d01eda3581b127c1fee3b0dc53572ed6baf239721a03d82e126,4cdd0d2b805b149a0f6bf8140e72b55ff6cde9b56670b0d60f3ddd37aa58b88d,f0bff499766960f7bf41e9c8a29bcb9d74fac7d2431dc2663a5ccfe8304cc598
44,¿Qué señala el Artículo 70 del Reglamento General de Docencia de Pregrado?,abstencion,baseline_directo,"El Artículo 70 del Reglamento General de Docencia de Pregrado señala que **el docente está obligado a cumplir con las funciones académicas, administrativas y de investigación que le asigne el Consejo Universitario**, y debe participar en las actividades de enseñanza, investigación y extensión universitaria.",118,75,eos,False,False,8.5883,0.0,8.5883,2.5621,2070,44c4a1d1bdb008231923be6a7be2122f2501ecab47d11a3d69176f5c1e47f05d,12ae32cb1ec02d01eda3581b127c1fee3b0dc53572ed6baf239721a03d82e126,5a7640513681c345076e4b26bee761da850de59fb4486637bb26b833363c7bd9,f0bff499766960f7bf41e9c8a29bcb9d74fac7d2431dc2663a5ccfe8304cc598
45,¿Qué dice el inciso d) del Artículo 14 del RI-FI sobre las causales de baja académica?,abstencion,baseline_directo,"El inciso d) del Artículo 14 del RI-FI establece que una de las causales de baja académica es **la no asistencia a las clases por más de 15 días consecutivos o 30 días en total en el semestre**. Art. 14, inciso d).",123,70,eos,False,False,7.3339,0.0,7.3339,2.5629,2071,bae7bbe4e1a30a256bac94aa6e06f8d6d0acdfde01c6629bce67058d5cbbfd3b,12ae32cb1ec02d01eda3581b127c1fee3b0dc53572ed6baf239721a03d82e126,78b22dbdb50e80c5f46314f76ea9c37f607b9314cff511c7ec36def73a7ff418,f0bff499766960f7bf41e9c8a29bcb9d74fac7d2431dc2663a5ccfe8304cc598
46,¿Qué establece el inciso c) del Artículo 25 del RI-FI sobre los documentos para suspender estudios?,abstencion,baseline_directo,"El inciso c) del Artículo 25 del RI-FI establece que **la suspensión de estudios se podrá solicitar por el estudiante cuando se encuentre en una situación de enfermedad grave, discapacidad, o cuando se haya sido víctima de un delito grave o una violencia sexual**.",123,68,eos,False,False,7.4376,0.0,7.4376,2.5629,2072,fa9902baddaf488036aa477875ce151c757431a23e3173fa4ed8e5fede71705d,12ae32cb1ec02d01eda3581b127c1fee3b0dc53572ed6baf239721a03d82e126,1c9449f8d3d67e33d27ed2270d2fc896fe5645842d77f843eea77f4b5af7a097,f0bff499766960f7bf41e9c8a29bcb9d74fac7d2431dc2663a5ccfe8304cc598
47,"Además del mínimo de créditos, ¿cuál es el número máximo de créditos que fija el Artículo 8 del RI-FI para inscribir por semestre?",abstencion,baseline_directo,Art. 8 del RI-FI: 32 créditos.,133,16,eos,False,False,2.241,0.0,2.241,2.5647,2073,1f441e753b298b4988f508fc7f38141809482a5db6798ec19dd2b673966b674e,12ae32cb1ec02d01eda3581b127c1fee3b0dc53572ed6baf239721a03d82e126,f1f5cc51480cc5c789dd5fcaa10dc213c8a5dec0fec33e35a3303fb68eb534de,f0bff499766960f7bf41e9c8a29bcb9d74fac7d2431dc2663a5ccfe8304cc598
48,¿Cuál es la nota mínima que fija el Artículo 12 del RI-FI para la Evaluación de Recuperación?,abstencion,baseline_directo,"Art. 12 del RI-FI: La nota mínima que fija el Artículo 12 del RI-FI para la Evaluación de Recuperación es **1,0**.",125,42,eos,False,False,5.527,0.0,5.527,2.5633,2074,5211795695b0d9f0efe4088b57f6804567a559b07b325937b368f8a8c9f4dcb2,12ae32cb1ec02d01eda3581b127c1fee3b0dc53572ed6baf239721a03d82e126,b03f24ee083426b44705ee97e044024a82bb03592c9335c84940178a1d8e19b8,f0bff499766960f7bf41e9c8a29bcb9d74fac7d2431dc2663a5ccfe8304cc598
49,"Según el calendario de docencia 2026, ¿qué feriado nacional cae el 30 de septiembre?",abstencion,baseline_directo,El 30 de septiembre de 2026 no cae en un feriado nacional según el calendario de docencia 2026. Este día no es un feriado nacional en Chile. Art. 8.,125,51,eos,False,False,5.3158,0.0,5.3158,2.5633,2075,5d98fbfd2aa7ed4c8604d76916925dc0ae3ab8edfc70a9a51c2853313736fa22,12ae32cb1ec02d01eda3581b127c1fee3b0dc53572ed6baf239721a03d82e126,b642791e7304bb7c10cbac63caa0678321915ba6b39cf3a77c2e905561759dde,f0bff499766960f7bf41e9c8a29bcb9d74fac7d2431dc2663a5ccfe8304cc598
50,"El Artículo 19 del RI-FI exige promedio 5,0 para una segunda carrera simultánea; ¿qué promedio exige ese artículo para una tercera carrera simultánea?",abstencion,baseline_directo,No está en la normativa.,139,8,eos,False,False,1.6593,0.0,1.6593,2.5657,2076,22fe154277d23044953f2634ad219ce55cd5a9e2d6311b9b11ca70aa07834d0e,12ae32cb1ec02d01eda3581b127c1fee3b0dc53572ed6baf239721a03d82e126,6f2b1d78f15adae131224ac119c910bd63a870dcf120ccdde2fbed8a5bccdb41,f0bff499766960f7bf41e9c8a29bcb9d74fac7d2431dc2663a5ccfe8304cc598
