pregunta_id,pregunta,categoria,variante,respuesta_modelo,tokens_entrada,tokens_salida,motivo_parada,posible_corte,thinking_inesperado,segundos,pico_memoria_gpu_gb,semilla,prompt_sha256,evidencia_sha256,respuesta_sha256,run_hash
1,¿Cuál es la nota mínima para aprobar una asignatura en la Facultad de Ingeniería?,factual,rag_estructurado_fewshot,"Respuesta: La nota mínima para aprobar una asignatura en la Facultad de Ingeniería es una calificación final mínima de 4,0. [RI-FI-ART-011]
Condiciones o límites: La calificación final mínima de 4,0 se calcula según el syllabus correspondiente. [RI-FI-ART-011]
Fuente: [RI-FI-ART-011], RI-FI, artículo 11, PDF p. 2.",1816,115,eos,False,False,18.8177,3.8118,2027,29289a414395fcbfad74dfff9947f8616c6f4739ef9f5c82f85a0c22f73404cb,804ad8b25cdc1341bc88769fbcc54b47a717f772d6e4fc630eba387494d26a9f,7a5dd05d949d4ad24d94efd711189d7457fb3121454741c8e7fdcd450fbecf4a,4adccec813c53d7fd3840d8a2c3ca2624c11c59c1f973676d0d37794a6596739
2,¿Cuántas evaluaciones sumativas como mínimo debe tener una asignatura?,factual,rag_estructurado_fewshot,"Respuesta: Una asignatura debe contar con al menos tres evaluaciones sumativas. [RI-FI-ART-011]  
Condiciones o límites: El requisito se aplica a las asignaturas impartidas por la Facultad de Ingeniería. [RI-FI-ART-011]  
Fuente: [RI-FI-ART-011], norma ficticia.",1735,90,eos,False,False,15.8101,3.7166,2028,cdce113df0470a189bf74e299fcb5e0ebab8eca350b95f2ba42c24e5e1d1eb47,536e1ee21ba8848d6f31c397cbdd8e36efd8903b6139c9ab9ff6c628c879153e,08f101e7c6866210c2399e15c1bf86348ee9ff8e9ea5e477dac4848950d743eb,4adccec813c53d7fd3840d8a2c3ca2624c11c59c1f973676d0d37794a6596739
3,¿A cuántas evaluaciones de recuperación tiene derecho el estudiante por asignatura?,factual,rag_estructurado_fewshot,"Respuesta: El estudiante tiene derecho a una evaluación de recuperación por asignatura. [RG-ART-022]  
Condiciones o límites: No se indica un número máximo de evaluaciones de recuperación. [RG-ART-022]  
Fuente: [RG-ART-022], RG, artículo 22.",2507,79,eos,False,False,18.0028,4.7751,2029,9b610b19becc5a0fba36222c34fbe4726086cc9b1b39b69c1c4287e6dd0abad9,58c5d07bf7d60ca8a5cee30ccf45a09b4bb2f0df44f4fb7aef71a77e02f85135,93f725229f91b059593fbb42d3a26c259a3e69dc8266b3ee7c5fb2429ff81017,4adccec813c53d7fd3840d8a2c3ca2624c11c59c1f973676d0d37794a6596739
4,¿En qué escala se expresa la nota final de una asignatura?,factual,rag_estructurado_fewshot,"Respuesta: La Nota Final se expresa en la escala numérica oficial de 1 a 7 hasta con un decimal de aproximación. [RG-ART-023]  
Condiciones o límites: Las centésimas inferiores al dígito 5 no afectan a la décima. [RG-ART-023]  
Fuente: [RG-ART-023], RG, artículo 23, PDF p. 18.",1874,105,eos,False,False,18.2588,3.8829,2030,daa596760a22f809713f1ecf107144e94cf2404f332e258de4ca086730f4d538,af5d3c8641bfb98f7b4aa72e33cd6a1662ccefef36addb7cc53856cfbcf9b45c,a022754d118d24fc989a26ed52ab84c23ed8c63b58646922bba9d9c1508046eb,4adccec813c53d7fd3840d8a2c3ca2624c11c59c1f973676d0d37794a6596739
5,¿Cuál es la actividad final de titulación en las carreras de Ingeniería?,factual,rag_estructurado_fewshot,"Respuesta: La actividad final de titulación es la Memoria de Título, de un semestre de duración, la que se regirá por el Reglamento de Memoria de Título de la Facultad de Ingeniería. [RI-FI-ART-029]  
Condiciones o límites: La actividad final de titulación puede incluir otras opciones como Habilitación Profesional, Examen de Grado o Título, Defensa de Título, Proyecto de Grado o Título o Proposición Plástica, según el Reglamento Interno de Docencia de Pregrado. [RI-FI-ART-006]  
Fuente: [RI-FI-ART-029], [RI-FI-ART-006], [RG-ART-003-DEF-10].",2075,189,eos,False,False,28.0347,4.141,2031,58998cc7396f3b12b6fda9c386ddf4256d77ca95cd428fc799df2770a5d62630,3278e21deec9fdc12fbdbc23a86407a8b675b3ea9644dd3aa73ee219cdaf3282,cf8b899df9b569e411b108c14075d75790f5b740e59e7b7b5a5e9479832c3382,4adccec813c53d7fd3840d8a2c3ca2624c11c59c1f973676d0d37794a6596739
6,¿Con cuánta anticipación mínima deben comunicarse las evaluaciones a los estudiantes?,factual,rag_estructurado_fewshot,"Respuesta: Deben comunicarse al menos una semana antes de su realización. [RI-FI-ART-010]
Condiciones o límites: Los test, certámenes y exámenes podrán ser orales o escritos. [RI-FI-ART-010]
Fuente: [RI-FI-ART-010], RI-FI, artículo 10, PDF p. 2.",2195,97,eos,False,False,18.4077,4.3046,2032,e5e9929db7e9c3f6af38158cbadc7380ece877df003de3d4537b80cbfb408564,72467b31660562fba1610917d829fdf4b4a4ab9d87a3b080bf07ea32f79ab898,ff0975436539f442cd68b8c19adcea3e40f4f242e231d3bc12a0219f38a2a8a0,4adccec813c53d7fd3840d8a2c3ca2624c11c59c1f973676d0d37794a6596739
7,¿Quién resuelve en primera instancia una solicitud de continuación de estudios?,factual,rag_estructurado_fewshot,"Respuesta: El Comité de Docencia y Asuntos Estudiantiles resuelve en primera instancia. [RG-ART-030]  
Condiciones o límites: La Vicedecanatura puede resolver en segunda instancia y la Decanatura en última instancia. [RG-ART-030]  
Fuente: [RG-ART-030], RG, artículo 30; [RI-FI-ART-016], RI-FI, artículo 16.",1735,108,eos,False,False,17.9979,3.7166,2033,a6dafab58806575313f46b429ab9d7d1cc65ce06596d482d4de1c5f69b5058eb,d59092c51213e238eb7446414c3e6492d174e9ee4f2f475894b40734064f547a,3fe2dd45ca92bfd4e8f913b37768f7328ad01d642ac09503552f9c50bb07a803,4adccec813c53d7fd3840d8a2c3ca2624c11c59c1f973676d0d37794a6596739
8,¿La renuncia a la carrera es revocable?,factual,rag_estructurado_fewshot,"Respuesta: No, la renuncia a la carrera no es revocable. [RG-ART-034] [RI-FI-ART-026]  
Condiciones o límites: La renuncia es irrevocable según ambos textos. [RG-ART-034] [RI-FI-ART-026]  
Fuente: [RG-ART-034], RG, artículo 34, PDF p. 23; [RI-FI-ART-026], RI-FI, artículo 26, PDF p. 4.",1621,132,eos,False,False,19.8172,3.5778,2034,7b87b75d20c27c0783f48ca7ac7dec1dfe0c432387eebf92dde131b7f865779f,f414da3d30290c1096fcbe6b47728b7821fa246efc242d97db74fd49884a2d79,87116290789e67d6e2b6f8b956de1c2a269f3dc69eef72a3270db3b879b0f46f,4adccec813c53d7fd3840d8a2c3ca2624c11c59c1f973676d0d37794a6596739
9,¿Cuántos períodos lectivos ordinarios tiene el año académico y cuánto duran?,factual,rag_estructurado_fewshot,"Respuesta: El año académico comprende dos períodos lectivos ordinarios de diecinueve semanas cada uno. [RG-ART-016]  
Condiciones o límites: El Período Lectivo Extraordinario de Verano (PLEV) de seis semanas no forma parte de los períodos lectivos ordinarios. [RG-ART-016]  
Fuente: [RG-ART-016], RG, artículo 16, PDF p. 16.",1662,111,eos,False,False,17.8178,3.6229,2035,82b9bf56a27f90cf75cfc0350be9a006bc90a268a8d8633dd940408af0d979b6,1bf5e204973e417fd87ce848ebb536212c968884dd141baabe45444879f3104c,22eadbdaf2db511f587a60e282d9159f10a088e0fa9e6a84051fc02e75d10662,4adccec813c53d7fd3840d8a2c3ca2624c11c59c1f973676d0d37794a6596739
10,¿Los estudiantes de Primer Año Común pueden convalidar asignaturas?,factual,rag_estructurado_fewshot,"Respuesta: No, los estudiantes de Primer Año Común no pueden revalidar ni convalidar asignaturas. [RI-FI-ART-022]  
Condiciones o límites: El artículo 22° especifica que estos estudiantes no podrán revalidar ni convalidar asignaturas. [RI-FI-ART-022]  
Fuente: [RI-FI-ART-022], RI-FI, artículo 22, PDF p. 4.",1559,110,eos,False,False,16.5774,3.5097,2036,8ef1ab8cf79891c40b7bf2ddcc8a316b8d93f0a8dd2773111eefdb7b5c85e2a4,7d370058b7bc2195944e00ac4cb6de80fe97ccfb635f523211bb3551f64a8a42,1e7b414f8e1d9ac44d06c443a3cfe11ccf074378037ea1ea28b44c1921777c4c,4adccec813c53d7fd3840d8a2c3ca2624c11c59c1f973676d0d37794a6596739
11,¿Cuál es el mínimo de créditos que debo inscribir por período lectivo ordinario en Ingeniería?,numerica,rag_estructurado_fewshot,"Respuesta: El mínimo de créditos que deben inscribirse por período lectivo ordinario en Ingeniería es ocho. [RI-FI-ART-008]
Condiciones o límites: Excepción para los estudiantes que estén terminando sus estudios o por falta de requisitos. [RI-FI-ART-008]
Fuente: [RI-FI-ART-008], norma ficticia.",1781,98,eos,False,False,16.5349,3.7702,2037,643209bcc1c5fc4d739dc2380a94e578092a568d8cbf8639f71cd0726f34d1a2,c3b90c47e26ced4117eb27684b9c0ddc786d742448b79286acdd3d0130e6c8f0,81c59c947205696c04b20b104fb0d158777daa2074f580d7418464a2e5de9415,4adccec813c53d7fd3840d8a2c3ca2624c11c59c1f973676d0d37794a6596739
12,¿Con menos de cuántos créditos aprobados al término del segundo semestre quedo en baja académica?,numerica,rag_estructurado_fewshot,"Respuesta: Con menos de 15 créditos aprobados al término del segundo semestre quedó en baja académica. [RI-FI-ART-014]  
Condiciones o límites: La condición se aplica según el artículo 14. [RI-FI-ART-014]  
Fuente: [RI-FI-ART-014], RI-FI, artículo 14, PDF p. 3.",1782,102,eos,False,False,17.3489,3.7714,2038,44da52b80b96ebcc2ed22266bc2fca27e3f15d1fe57cb2c110550fa88f23c1e9,4165d73d617d5308c17cfa01540e909ae153bc19471dd280654fbecc39133f31,720e099705a7bbb9663da73e3f322ad1f681e4a78ca985d195a716e79f82fa5e,4adccec813c53d7fd3840d8a2c3ca2624c11c59c1f973676d0d37794a6596739
13,¿Bajo qué promedio de créditos aprobados por semestre (desde el 4º) se cae en baja académica?,numerica,rag_estructurado_fewshot,"Respuesta: Bajo un promedio de créditos aprobados inferior a diez créditos semestrales a partir del cuarto semestre de permanencia en la carrera. [RG-ART-028]  
Condiciones o límites: El promedio se calcula dividiendo la totalidad de créditos aprobados por el número de semestres de permanencia. [RG-ART-028]  
Fuente: [RG-ART-028], RG, artículo 28.",1871,114,eos,False,False,18.6778,3.8793,2039,a0bf90e5346006a97a0ef55119da8c94220e740520f50c3bf36972698d31cd21,4dc4998b83987e67b323e9a6eb0595edcfefb2549793b5a6e01d35b19771be83,89167048e09115d4194c341fa3c48d093f059f570a0dcd90aad2ab8fc262e872,4adccec813c53d7fd3840d8a2c3ca2624c11c59c1f973676d0d37794a6596739
14,¿Cuál es la asistencia mínima máxima que un profesor puede exigir en clases teóricas y prácticas?,numerica,rag_estructurado_fewshot,"Respuesta: El profesor puede exigir como máximo un 80% de asistencia a clases teóricas y prácticas. [RI-FI-ART-013]  
Condiciones o límites: El 80% es el límite máximo permitido según el artículo 13. [RI-FI-ART-013]  
Fuente: [RI-FI-ART-013], artículo 13, PDF p. 2, 3.",1963,109,eos,False,False,18.6087,3.9945,2040,170bb9862f8532cfc4e1fb4de941cde58e01d2e26de7ec79388cfabe50e064db,d6af8c72bdaec440202dc15c3c5e99b51db8de2ce709bebea1af1f8b147b7554,105fc7f5350acc83d3cf045e1681663f1e17def8765971a2d8cb690b9f6e3844,4adccec813c53d7fd3840d8a2c3ca2624c11c59c1f973676d0d37794a6596739
15,¿Qué calificación mínima se exige para convalidar una asignatura?,numerica,rag_estructurado_fewshot,"Respuesta: La calificación mínima exigida para convalidar una asignatura es 4,5 en la escala de notas 1 a 7. [RI-FI-ART-021]  
Condiciones o límites: La calificación mínima es 4,5 en la escala 1 a 7. [RI-FI-ART-021]  
Fuente: [RI-FI-ART-021], RI-FI, artículo 21, PDF p. 4.",1574,115,eos,False,False,17.9114,3.5258,2041,8c1c8409810e6b0fa160a63ee14b6b72041549d6155c85156812223c1bdf0ce9,0c8e0c72cd2290e5d1de4f9609c3fded501ca805ccf8b1e09c715bfc875ebe5a,2812ddf1a5f7fb0f75ea7d5949fe728d038ce539de8da70a0aed21b75f2ec5cb,4adccec813c53d7fd3840d8a2c3ca2624c11c59c1f973676d0d37794a6596739
16,"¿Durante cuántas semanas iniciales se puede solicitar convalidación, revalidación o reconocimiento?",numerica,rag_estructurado_fewshot,"Respuesta: Durante las cuatro primeras semanas de ingreso a la nueva carrera. [RI-FI-ART-022]
Condiciones o límites: Excepto los estudiantes de Primer Año Común quienes no podrán revalidar ni convalidar asignaturas. [RI-FI-ART-022]
Fuente: [RI-FI-ART-022], norma ficticia.",2322,91,eos,False,False,18.1926,4.4896,2042,37a74e1c30c7a92f4ab1b658b5a02fef7b44337935a30c33f6a5283c4c338099,c788e425aebda88822a411d756aad2f553594f3c18478602e444c2c4b2be2c7a,b77b066ca8ff52b979ef25f299e4a5298824375bce302a5b2b15dbbe6a3e1d70,4adccec813c53d7fd3840d8a2c3ca2624c11c59c1f973676d0d37794a6596739
17,¿Dentro de cuántos días se puede solicitar el reconocimiento de asignaturas?,numerica,rag_estructurado_fewshot,"Respuesta: Dentro de los primeros treinta días del periodo respectivo. [RG-ART-038] [RI-FI-ART-023]
Condiciones o límites: El periodo respectivo se refiere al período académico. [RG-ART-038] [RI-FI-ART-023]
Fuente: [RG-ART-038], RG, artículo 38; [RI-FI-ART-023], RI-FI, artículo 23.",2345,117,eos,False,False,21.6227,4.5232,2043,b4bef546c3b96cbe41e684bb77671a1ed126b913ea6b86fb72bae15639a5fc5a,802e9653adf72c30a0e7e2b01ac57522d44dbb5263f2424bb579e80bd3575cf1,d71c46e02bd3960c98881bbddbbd8db6f12e9e9c338560715da2d4df2c4657d0,4adccec813c53d7fd3840d8a2c3ca2624c11c59c1f973676d0d37794a6596739
18,"Si suspendí más de 3 años y solo me faltaba la Memoria, ¿cuántos créditos adicionales máximo debo cursar?",numerica,rag_estructurado_fewshot,"Respuesta: Debes cursar y aprobar un máximo de 36 créditos en asignaturas. [RI-FI-ART-031]  
Condiciones o límites: El artículo 31° establece que el máximo es 36 créditos, salvo que el estudiante esté en el primer año de permanencia. [RI-FI-ART-031]  
Fuente: [RI-FI-ART-031], norma ficticia.",1747,107,eos,False,False,17.836,3.7305,2044,cd857f2084cda6f913e8c20116438b08366917e59d8f3fcc65c42907015741b4,4e9a8ff59cf989e038a798f46124167b9df6874b7c3e5639256b964d88f752ed,1a1ea1e09e74b571e4b34e06666395df60e681c6b97d4469cbc684d1a56594a5,4adccec813c53d7fd3840d8a2c3ca2624c11c59c1f973676d0d37794a6596739
19,¿Cuántas semanas dura cada período lectivo ordinario (semestre)?,numerica,rag_estructurado_fewshot,"Respuesta: Cada período lectivo ordinario dura diecinueve semanas. [RG-ART-016]  
Condiciones o límites: El período lectivo extraordinario de verano dura seis semanas. [RG-ART-016]  
Fuente: [RG-ART-016], RG, artículo 16, PDF p. 16.",1664,87,eos,False,False,14.7375,3.6251,2045,39fc3445d98300d429095d40011b32540427e0e194411563e3c2e2e6a8f2669b,e5051374d6775d409fd905d70f3fe958863144defed2f6f1afecf95a330a29c4,cbc9cffad7a92ddf380736e1a43074b74795043f89cbc18914a694c080a7917d,4adccec813c53d7fd3840d8a2c3ca2624c11c59c1f973676d0d37794a6596739
20,¿Cuál es el plazo (en días hábiles) para regularizar una evaluación no rendida por causa justificada?,numerica,rag_estructurado_fewshot,"Respuesta: El plazo máximo es de tres días hábiles posteriores a la aplicación de la evaluación. [RG-ART-026]  
Condiciones o límites: El plazo es de tres días hábiles, no se menciona un plazo máximo en el artículo 25. [RG-ART-025]  
Fuente: [RG-ART-026], RG, artículo 26, PDF p. 20.",2573,104,eos,False,False,21.6839,4.8802,2046,52b41e9f06c466b21f46cac1889bd2d736ca54e1cb6f9cc6417416670a432a46,b75428cc978bac20177063eeac2e9af9964570c7e19a9e9b11eacd762bb036ff,8a5661a9b6861f3bfc8f70c8e9dc4a2ba279d3e54f919e5a416d2e6a1e4a07b4,4adccec813c53d7fd3840d8a2c3ca2624c11c59c1f973676d0d37794a6596739
21,"Si vengo de otra universidad y quiero ingresar a Ingeniería, ¿qué promedio necesito? ¿Y para cambio dentro de Ingeniería?",condicional,rag_estructurado_fewshot,"Respuesta: Para ingresar a la Facultad de Ingeniería desde otra universidad, se necesita un promedio ponderado mínimo de 4,5 en la escala de 1 a 7. Para cambio dentro de Ingeniería, se necesita un promedio ponderado mínimo de 4,2 en la misma escala. [RI-FI-ART-017] [RI-FI-ART-018]  
Condiciones o límites: Los promedios se calculan según las normas establecidas en el Reglamento General de Docencia de Pregrado y en las Normas de Ingreso a las Carreras de Pregrado. [RG-ART-024]  
Fuente: [RI-FI-ART-017], [RI-FI-ART-018], [RG-ART-024].",1714,189,eos,False,False,26.0357,3.6825,2047,b731cf65f609a42ee6279c823518f3699d5d85f3cee6c50f7a2cf1888159a290,e46338d936f586ca78a01de4ba3e40c7d8f62fafcb3d5ebd6564e572147747b2,c5691ad0561c29452067f77cbe5f1351c1a0199912974167100272965181ab72,4adccec813c53d7fd3840d8a2c3ca2624c11c59c1f973676d0d37794a6596739
22,¿Qué promedio mínimo se exige para cursar una segunda carrera de forma simultánea?,condicional,rag_estructurado_fewshot,"Respuesta: Un promedio ponderado mínimo de calificaciones de 5,0 en la escala de 1 a 7 en su carrera de origen. [RI-FI-ART-019]
Condiciones o límites: El promedio se calcula en la escala de 1 a 7. [RI-FI-ART-019]
Fuente: [RI-FI-ART-019], RI-FI, artículo 19, PDF p. 3.",1698,109,eos,False,False,17.4924,3.6647,2048,6c0771ed41b47caaa21f48b49efe56c71181eec39bac53274919d61584075067,c82514596066aca27003803f6b6c6c460792aa9216e4b7c1cff3c9fbfd42f5c6,f7292870fb6daafc5a7932c7711905e205c4c5e2e33933b456ae569bcf4f7d98,4adccec813c53d7fd3840d8a2c3ca2624c11c59c1f973676d0d37794a6596739
23,¿En qué caso NO se puede revalidar una asignatura?,condicional,rag_estructurado_fewshot,"Respuesta: No se puede revalidar una asignatura que haya sido previamente cursada y reprobada en el Plan de Estudio. [RI-FI-ART-020]  
Condiciones o límites: El estudiante de especialidad podrá solicitar la revalidación de una misma asignatura ya aprobada en otra carrera, pero no si fue reprobada. [RI-FI-ART-020]  
Fuente: [RI-FI-ART-020], RI-FI, artículo 20, PDF p. 4.",1516,126,eos,False,False,18.8452,3.4642,2049,70bd371659bda868e9d15f79328b123cfe0b0399c39a29513aa7206da007ffbc,ed313285707c5586a11fbd79e873defc8e5d0d9511698dc1ff2db003320303bb,368552f48bba389354727dd797f808daca1135c36b083f0c1ca1fd9e8a0878fc,4adccec813c53d7fd3840d8a2c3ca2624c11c59c1f973676d0d37794a6596739
24,"Si repruebo por segunda vez una misma asignatura obligatoria, ¿qué ocurre?",condicional,rag_estructurado_fewshot,"Respuesta: El alumno perderá el derecho a continuar estudios y la calidad de alumno regular, quedando en situación de Baja Académica. [RG-ART-028] [RI-FI-ART-014]  
Condiciones o límites: Salvo que la asignatura haya sido aprobada en el PLEV del año académico correspondiente, o que se trate de alumnos en el primer año de permanencia. [RG-ART-028] [RI-FI-ART-014]  
Fuente: [RG-ART-028], RG, artículo 28; [RI-FI-ART-014], RI-FI, artículo 14.",1667,158,eos,False,False,22.7543,3.6285,2050,975f3677d2174bc1feb05091342880734f34ce739aacdb5c49f26f08d1741bf1,41b33907b4672b6ff8579bbdd0d9fa1f1bf96719545636170cdf5bca54881a33,143566c61417182bebd28a63fdfca712643811b2bde5177c3875d4ad9f6c9111,4adccec813c53d7fd3840d8a2c3ca2624c11c59c1f973676d0d37794a6596739
25,"Al modificar la inscripción, ¿qué asignaturas NO puedo eliminar?",condicional,rag_estructurado_fewshot,"Respuesta: No se podrá eliminar las asignaturas correspondientes a las prioridades a) y b) del Artículo 7°. [RI-FI-ART-009]
Condiciones o límites: No se podrá eliminar las asignaturas correspondientes a las prioridades a) y b) del Artículo 7°. [RI-FI-ART-009]
Fuente: [RI-FI-ART-009], norma ficticia.",3237,100,eos,False,False,25.7063,6.0828,2051,c45dcde40b2e9973be7eacca6b795f4b04530a41b3f10feba994a4c38e203115,7ba422ee118f255126d3c6b3ab955b0a2b749c8cd4c3af3fdfe7db9a73bef183,f067d1a75239e7ff6c1799124ec219f9825614815157e641187ff9897ee8c80e,4adccec813c53d7fd3840d8a2c3ca2624c11c59c1f973676d0d37794a6596739
26,"Si suspendí mis estudios, ¿qué debo hacer para volver?",condicional,rag_estructurado_fewshot,"Respuesta: Debes solicitar tu reincorporación al Vicedecano. Si la suspensión fue por razones de salud, debes acompañar los antecedentes oficiales que demuestren que han cesado los impedimentos que justificaron la suspensión. Además, deberás cumplir con los requisitos que establezca la Facultad y adjuntar los documentos mencionados en el artículo 35°. [RG-ART-033] [RI-FI-ART-027]  
Condiciones o límites: La reincorporación puede extenderse por un período máximo de tres años calendario. Si no solicitas tu reincorporación dentro de este plazo, pierdes la calidad de alumno de pregrado. [RG-ART-033]  
Fuente: [RG-ART-033], [RI-FI-ART-027].",1820,200,eos,False,False,28.2126,3.8166,2052,e560271536c60b308191b970442fa6f2285eb3abbd6b41a8dd47700eab80a21e,fe533d946faa1e201db9eff5c499ce4ceb9b50d24003e34cb1f1c9f1091a63c7,6248d1e4e932ae66f623606b2a53a0e59cfcc0893bb5f3b2a60466e4949de03b,4adccec813c53d7fd3840d8a2c3ca2624c11c59c1f973676d0d37794a6596739
27,¿Qué documentos requiere la solicitud de suspensión de estudios?,condicional,rag_estructurado_fewshot,"Respuesta: Los documentos requeridos son: a) Certificado de la División de Asistencia Financiera al Estudiante en que conste que el alumno no tiene deudas con la universidad por concepto de aranceles y préstamos o que el pago de dichas deudas ha sido debidamente garantizado; y b) Certificado de la Dirección de Bibliotecas en que conste que no adeuda material bibliográfico. [RI-FI-ART-025]  
Condiciones o límites: Los documentos también se mencionan en el Artículo 35°. [RG-ART-035]  
Fuente: [RI-FI-ART-025], [RG-ART-035].",1686,162,eos,False,False,23.6901,3.6502,2053,152bf9f160f90eb8cf95662931d6920e17cb3da145aeb418a1d9cfce220a441b,0d9d9e2e28d88b85d878d4bf3fc2bb724676c2fc4281e17557b0508acbddc152,2fe222dc5ed5737dfc025e9ed317affd0c27db6c69e9da669fc254b6b58114da,4adccec813c53d7fd3840d8a2c3ca2624c11c59c1f973676d0d37794a6596739
28,"Si estando habilitado no inscribo asignaturas en el período, ¿qué pasa?",condicional,rag_estructurado_fewshot,"Respuesta: Perderá el derecho a continuar estudios y la calidad de alumno de pregrado de la Universidad de Concepción, a menos que en el periodo lectivo anterior hayan inscrito una o más asignaturas anuales. [RG-ART-029]  
Condiciones o límites: La Facultad cautelará el cumplimiento de estas normas. [RG-ART-029]  
Fuente: [RG-ART-029], RG, artículo 29.",1946,112,eos,False,False,19.1595,3.9725,2054,8bfaa84c18330b8291dae66e3db00aea6609b1887dd7995883372b42b6f1ab96,030a55ad507da8a84e31a1642407a70d06466deb7bb65b502dd41f0f86e03426,052e3e188e12762512e66ceea042eaf4d198d8fb1fb34be6bc512e7e90ad40ed,4adccec813c53d7fd3840d8a2c3ca2624c11c59c1f973676d0d37794a6596739
29,"Si no me presento a una evaluación por causa justificada, ¿qué puedo hacer?",condicional,rag_estructurado_fewshot,"Respuesta: Puede solicitar al profesor encargado de la asignatura regularizar su situación en un plazo máximo de tres días hábiles posteriores a la aplicación de la evaluación, presentando los documentos que justifiquen su inasistencia. [RG-ART-026]  
Condiciones o límites: La regularización puede consistir en una evaluación oral, escrita o de otra modalidad según el profesor. [RG-ART-026]  
Fuente: [RG-ART-026], artículo 26.",3292,125,eos,False,False,29.3423,6.1912,2055,7acf6f03798c3ccc8e541d29060afd9f341c0fa5ab4a1a1cf187be0e661531c6,9d51bd59dae067f8332ca3ad942e45bc185046fa5ed5ef8a4caae6df0005ba69,06cbd0bb49d019fcb3b3e29fcc1cc48cf4e60b9e0375d6099c60d58bb13d8d88,4adccec813c53d7fd3840d8a2c3ca2624c11c59c1f973676d0d37794a6596739
30,"¿Cuánta asistencia puede exigir un profesor en un laboratorio, taller o salida a terreno?",condicional,rag_estructurado_fewshot,"Respuesta: El profesor puede exigir como mínimo un 80% de asistencia a clases, y puede llegar a un 100% en actividades como laboratorios, talleres, salidas a terreno u otras de naturaleza similar. [RG-ART-020] [RG-ART-013]
Condiciones o límites: El 80% es el máximo permitido para las clases teóricas y prácticas, pero puede llegar al 100% en actividades específicas. [RG-ART-013] [RG-ART-020]
Fuente: [RG-ART-013], RG, artículo 13; [RG-ART-020], RG, artículo 20.",2566,169,eos,False,False,28.6584,4.8688,2056,ea01ea0b23ac9d72fcd79eea544f13ae0b9071a40cd7f55b7553e8e30e030dbb,1439f35b8c504c527c690e2309833068878639fc16d19fb226c44c22daa1219f,2b0961073ae0b1d0b8a78502e277dd86ed30ca02a0b7a29af91be169b0734a85,4adccec813c53d7fd3840d8a2c3ca2624c11c59c1f973676d0d37794a6596739
31,"Si el Reglamento Interno de Ingeniería contradice al Reglamento General de Docencia, ¿cuál prevalece?",cruce,rag_estructurado_fewshot,"Respuesta: El Reglamento General de Docencia prevalece. [RI-FI-ART-034]  
Condiciones o límites: El Reglamento General de Docencia de Pregrado tiene prioridad sobre el Reglamento Interno. [RI-FI-ART-034]  
Fuente: [RI-FI-ART-034], RI-FI, artículo 34, PDF p. 6.",1411,99,eos,False,False,15.0097,3.3561,2057,7eeea3f85d9f0bd8f74f699245ae302967c83889139f2e64dc37015920788842,b2508ba863e20b522d970f94025e130c4aec9115c56b2f64720b5f27ae804713,aabd09b4bc688a74f50e3bacd0bcb97e3794a1c5087562fa2924fcf37f4787f3,4adccec813c53d7fd3840d8a2c3ca2624c11c59c1f973676d0d37794a6596739
32,Quiero modificar las asignaturas inscritas este segundo semestre 2026. ¿Hasta qué fecha?,cruce,rag_estructurado_fewshot,"Respuesta: Hasta el 04 de septiembre. [CAL-2026-S2-03]
Condiciones o límites: La fecha límite para modificaciones es específica para el segundo semestre. [CAL-2026-S2-03]
Fuente: [CAL-2026-S2-03], calendario 2026, semestre 2, PDF p. 2.",1327,97,eos,False,False,15.1106,3.2754,2058,97f059f391525a9b70177f97abac2c12e9e7214e029696b1f46fd9b8a652c928,635c7714167d8eac56a00fd2078b004a518b7e4868e89def877504f652c4b051,0eb11d804c8f047c37001e09cfa7fc24b51b4e48c15dbee49c38b6a9874d2dc3,4adccec813c53d7fd3840d8a2c3ca2624c11c59c1f973676d0d37794a6596739
33,¿Hasta qué fecha se pueden modificar asignaturas en el primer semestre 2026?,cruce,rag_estructurado_fewshot,"Respuesta: Hasta el 02 de abril. [CAL-2026-S1-03]
Condiciones o límites: La fecha límite para modificaciones de asignaturas en el primer semestre es 02 de abril. [CAL-2026-S1-03]
Fuente: [CAL-2026-S1-03], calendario 2026, semestre 1, PDF p. 1.",1200,103,eos,False,False,15.2651,3.1585,2059,bff0452a7185e70d4448aa9f4e5d56606dce6e892598b9f6247d087e07e77d2a,56fa15c5a7bbf4579bcfd351e6acbcc4004d9c4e100ffc7f210c723c13da0675,28e0f5f07bceebf654827009e5f0b02196696dffd4d11746592f730fdd7c2d7c,4adccec813c53d7fd3840d8a2c3ca2624c11c59c1f973676d0d37794a6596739
34,¿Tengo derecho a suspender estudios y hasta cuándo puedo hacerlo?,cruce,rag_estructurado_fewshot,"Respuesta: Los alumnos de pregrado podrán solicitar suspender estudios hasta cuatro semanas antes del término del periodo lectivo respectivo. [RG-ART-031]  
Condiciones o límites: La suspensión de estudios deja sin efecto la inscripción de asignaturas e interrumpe la calidad de alumno de pregrado. [RG-ART-031]  
Fuente: [RG-ART-031], RG, artículo 31, PDF p. 22.",2140,115,eos,False,False,20.5001,4.2282,2060,c8ef39a1957137bf0fe387c123b589d3a6d9b1dcd3e4248aea8f79713c8037cd,0976a0936f4b2b4b0fd7b89d6397f4cc8fe0821335de4dceae7e96c6ac727c68,c5eaa058fa80f739ab08b60a4cebd9260884a10b44af7caaed48ec100d7443df,4adccec813c53d7fd3840d8a2c3ca2624c11c59c1f973676d0d37794a6596739
35,¿Cuándo inician las clases del segundo semestre 2026?,cruce,rag_estructurado_fewshot,"Respuesta: Inician las clases el 10 de agosto. [CAL-2026-S2-02]
Condiciones o límites: El 10 de agosto es el inicio de clases según el calendario. [CAL-2026-S2-02]
Fuente: [CAL-2026-S2-02], calendario 2026, semestre 2, PDF p. 2.",1186,99,eos,False,False,14.9593,3.1463,2061,477992a720042bda6779b1202c55d2157846e3694d3d16a14a34df7639a1324b,53e14df7428b0f957b1338eb236eb938e8a4d86c14b280820d6216e31a77da93,989de3c9866ba05ed4208aa9006ea796a673ae283b25228c53a401afc10f2ca3,4adccec813c53d7fd3840d8a2c3ca2624c11c59c1f973676d0d37794a6596739
36,¿En qué fechas se inscriben las asignaturas del segundo semestre 2026 y cuál es el mínimo de créditos?,cruce,rag_estructurado_fewshot,"Respuesta: Las asignaturas se inscriben del 03 al 07 de agosto y el mínimo de créditos es ocho. [CAL-2026-S2-01] [RI-FI-ART-008]  
Condiciones o límites: El mínimo de créditos se aplica a los estudiantes que no estén terminando sus estudios. [RI-FI-ART-008]  
Fuente: [CAL-2026-S2-01], calendario 2026, semestre 2; [RI-FI-ART-008], artículo 8.",1529,140,eos,False,False,20.0743,3.4784,2062,1d8cbf93c08135dd9425c4e83c40c8f22a11140cef3fefd3bd38ab6015a09a69,40076174ff75438a19b55b204d61578f3c1d272346b338631977b5394e04938f,52a0d814a61e80ff4d3bf75e1660ed5953444bb1fbfeea618afb5ed7b3d9ef25,4adccec813c53d7fd3840d8a2c3ca2624c11c59c1f973676d0d37794a6596739
37,¿Cuándo termina el segundo semestre 2026 (término de clases)?,cruce,rag_estructurado_fewshot,"Respuesta: El segundo semestre termina el 11 de diciembre. [CAL-2026-S2-04]
Condiciones o límites: El término de clases del segundo semestre es 11 de diciembre. [CAL-2026-S2-04]
Fuente: [CAL-2026-S2-04], calendario 2026, semestre 2, PDF p. 2.",1200,102,eos,False,False,15.1704,3.1585,2063,6399d9f776d04e8bbec05cabc9d220b1daaf90ba61d6c54b90c94edd56b849cc,e260fe148b66a7c77857aa3f1f2c97874000add9ed0ad4c84381a0cc37d91960,cd686d59fd11f33d3f8d0b58a09b097c47c7b9552b53ca7573698e5aaeaa898c,4adccec813c53d7fd3840d8a2c3ca2624c11c59c1f973676d0d37794a6596739
38,"La escala de notas del Reglamento General, ¿se aplica en Ingeniería, y cuál es la nota de aprobación?",cruce,rag_estructurado_fewshot,"Respuesta: La escala de notas del Reglamento General se aplica en Ingeniería. La nota de aprobación es 4,0 en la escala de 1 a 7. [RG-ART-023]  
Condiciones o límites: La escala numérica oficial de 1 a 7 se aplica a todas las asignaturas, incluidas las de Ingeniería. [RG-ART-023]  
Fuente: [RG-ART-023], Reglamento General.",2051,118,eos,False,False,20.9726,4.1092,2064,9d13433d13f3e408d4e71ebac429f38b5f1dc24ff759627c85153c4be9f91e19,63e059384c709b488596fc3ff17a05ac8e31611dede7e9727e80df5a74dbf9ce,a61c739254a0edeb24c976bc69a71eff95a585e30943436b5f8a2ffaf468a976,4adccec813c53d7fd3840d8a2c3ca2624c11c59c1f973676d0d37794a6596739
39,¿Cuándo son las Evaluaciones de Recuperación del segundo semestre 2026?,cruce,rag_estructurado_fewshot,"Respuesta: Las Evaluaciones de Recuperación del segundo semestre 2026 son el 14 al 23 de diciembre. [CAL-2026-S2-05]
Condiciones o límites: No hay información sobre fechas de otros semestres. [CAL-2026-S1-06]
Fuente: [CAL-2026-S2-05], calendario 2026, semestre 2, PDF p. 2.",1195,113,eos,False,False,16.2682,3.1546,2065,1166d4aeca8e59cc57142f281ea96359f99aec7365eb9649d45015d3387d4cc1,9148f785273fc764ef70351be266e574ac434dc8b23e6cbfdf57f92aa322ee1e,9f9b12ac412ea34cd2c3ba38491e35a8a555043a09c886ba164befeb058795f4,4adccec813c53d7fd3840d8a2c3ca2624c11c59c1f973676d0d37794a6596739
40,¿Qué reglamento rige la Memoria de Título y cuánto pondera en la nota de titulación?,cruce,rag_estructurado_fewshot,"Respuesta: El Reglamento de Memoria de Título de la Facultad de Ingeniería rige la Memoria de Título, y esta pondera un 40% en la nota de titulación. [RI-FI-ART-029] [RI-FI-ART-030]  
Condiciones o límites: La ponderación se menciona en el artículo 30°. [RI-FI-ART-030]  
Fuente: [RI-FI-ART-029], [RI-FI-ART-030].",1786,130,eos,False,False,20.426,3.7769,2066,a43144ebf98e9d0e5556034e6d8ae321b01a062d5f404cbd142f4a43a0ade7b8,be3e2aac8fee60e9b756d5f4b2d8fae1df6c044b5e7699fa8e27358507da8213,5232bcc2ea67672f4b508b1dcad7b34055ccc99571ba9fb58af8c92a06dc4357,4adccec813c53d7fd3840d8a2c3ca2624c11c59c1f973676d0d37794a6596739
41,¿Qué establece el Artículo 90 del Reglamento Interno de Docencia de Pregrado de Ingeniería?,abstencion,rag_estructurado_fewshot,"Respuesta: No puedo determinar el contenido del Artículo 90 con la evidencia disponible. [RI-FI-ART-002, RG-TRANS-002, RG-ART-049, RG-ART-001, RG-ART-038, INV-1]
Condiciones o límites: El inventario completo no incluye el artículo 90. [INV-1]
Fuente: [RI-FI-ART-002], [RG-TRANS-002], [RG-ART-049], [RG-ART-001], [RG-ART-038], [INV-1]",1887,148,eos,False,False,23.2367,3.8995,2067,523494000034fed888eba602139194178194f5e5fc8385dccfe9c0a50c002d18,2cee8ba495c68ef081461640a6c08f17341e902f8abb0941e44523ebdf2a0ddc,8dbd607717e83a55c818d04d964ae7efce6ab9421639d663002b47f3fbd7abde,4adccec813c53d7fd3840d8a2c3ca2624c11c59c1f973676d0d37794a6596739
42,¿Qué requisitos fija el Artículo 36 del Reglamento Interno de Docencia de Pregrado de Ingeniería?,abstencion,rag_estructurado_fewshot,"Respuesta: No puedo determinar los requisitos fijados en el Artículo 36 del Reglamento Interno de Docencia de Pregrado de Ingeniería. [INV-1]
Condiciones o límites: El inventario completo no incluye el Artículo 36. [INV-1]
Fuente: [INV-1], inventario completo derivado de Reglamento_de_Docencia_de_Pregrado-FI.pdf.",1739,97,eos,False,False,16.9461,3.7212,2068,b0d030897e1b708d6558d3486d7cea0a6441f1255f9db80d5768342133c895fd,db0a876b9d92fe9ad5010b0b7328e43444354d9843ed83a292309f3299f43729,e9b8eca7d03208e8f85fbe66f0babbb2c59d4c78d7b514c218257b308e9df092,4adccec813c53d7fd3840d8a2c3ca2624c11c59c1f973676d0d37794a6596739
43,¿Qué dispone el Artículo 100 del Reglamento General de Docencia de Pregrado?,abstencion,rag_estructurado_fewshot,"Respuesta: No puedo determinar el contenido del Artículo 100 con la evidencia disponible. [INV-1]
Condiciones o límites: El inventario completo no incluye el Artículo 100. [INV-1]
Fuente: [INV-1], inventario completo derivado de Reglamento_General_de_Docencia_de_Pregrado.pdf.",1849,82,eos,False,False,15.3836,3.8533,2069,2c8a0974a9ac3541c2251a0dc7da275f32c4109427e77852767ec693f8f886f2,f081f0581659d4e9e772e1c77f64c5b28d0a07abbba3d544e40d8aa35897d620,f572a6a7e9099a03dc7c1a6b5792c0514e99e8bd4ad11d0495efba7721f419d3,4adccec813c53d7fd3840d8a2c3ca2624c11c59c1f973676d0d37794a6596739
44,¿Qué señala el Artículo 70 del Reglamento General de Docencia de Pregrado?,abstencion,rag_estructurado_fewshot,"Respuesta: No se indica en la evidencia el contenido del Artículo 70. [INV-1]
Condiciones o límites: El inventario completo no incluye el número 70. [INV-1]
Fuente: [INV-1], inventario completo derivado de Reglamento_General_de_Docencia_de_Pregrado.pdf.",2229,78,eos,False,False,16.233,4.3526,2070,6a5f9f37d71e3daacf7dde815e4c0f5787e7faea85e405a04b69b30113d44a49,69b85512ba387a117ad3b1e93add08c22d1348c5d80a25d936997e50933ef92c,4091511c540cdbab477c674f9deb0bf306c9cc2e90d8bb2416182d74669b7b54,4adccec813c53d7fd3840d8a2c3ca2624c11c59c1f973676d0d37794a6596739
45,¿Qué dice el inciso d) del Artículo 14 del RI-FI sobre las causales de baja académica?,abstencion,rag_estructurado_fewshot,"Respuesta: No se menciona el inciso d) del Artículo 14 en la evidencia proporcionada. [RI-FI-ART-014]
Condiciones o límites: El Artículo 14 solo incluye los incisos a), b) y c). [RI-FI-ART-014]
Fuente: [RI-FI-ART-014], artículo 14, PDF p. 3.",1958,97,eos,False,False,17.9907,3.9877,2071,6627e48b1e5c409c56aa36a1c7ede4917ca208c7b42a6fe929b77c1ca1fc334f,acb29ea02c05581793ee7b53cdd6a3368886ca0eaab7343f298c7657a47be1d0,9c950898d3740b9123bc9f2130ebe0d0aa78be7268afc563abf54ebe8b4eb7e6,4adccec813c53d7fd3840d8a2c3ca2624c11c59c1f973676d0d37794a6596739
46,¿Qué establece el inciso c) del Artículo 25 del RI-FI sobre los documentos para suspender estudios?,abstencion,rag_estructurado_fewshot,"Respuesta: El inciso c) del Artículo 25 no figura en los documentos consultados. [RI-FI-ART-025]
Condiciones o límites: El inciso c) no se menciona en el texto proporcionado. [RI-FI-ART-025]
Fuente: [RI-FI-ART-025], RI-FI, artículo 25, PDF p. 4.",1776,95,eos,False,False,16.8417,3.7643,2072,b4be77d53455412d9e314750fd2aa13a3a14315e24b7ea834d95fd0371f37381,8d8a9b5eb03ade456f4423e94054ae98c0373a296bdb4a92b6acbd03f43281b9,c1e43ad067d6a75e3696c8fe44944aee884fba49710eac3f83b5427384c76edb,4adccec813c53d7fd3840d8a2c3ca2624c11c59c1f973676d0d37794a6596739
47,"Además del mínimo de créditos, ¿cuál es el número máximo de créditos que fija el Artículo 8 del RI-FI para inscribir por semestre?",abstencion,rag_estructurado_fewshot,"Respuesta: No se indica el número máximo de créditos en el Artículo 8 del RI-FI. [EJ-F]
Condiciones o límites: El Artículo 8 solo establece el mínimo de créditos exigidos. [EJ-F]
Fuente: [EJ-F], artículo 8, PDF p. 2.",2038,73,eos,False,False,15.3834,4.0916,2073,adcdbc9e978e5c37a0695e957922fc55a77a21ee7242ea5a3c7b1b8508ea0843,62ae0e1dbe57b8f64b4aab256e4f0df08f24426f1f3368148bf07f27fcab1c02,cd000862e488071256e74a26fbf85edb89cc01c9a293e8e2736ca80a835dbf0c,4adccec813c53d7fd3840d8a2c3ca2624c11c59c1f973676d0d37794a6596739
48,¿Cuál es la nota mínima que fija el Artículo 12 del RI-FI para la Evaluación de Recuperación?,abstencion,rag_estructurado_fewshot,"Respuesta: No se indica la nota mínima en el Artículo 12 del RI-FI. [RI-FI-ART-012]
Condiciones o límites: El Artículo 12 solo menciona la evaluación de recuperación y no establece un límite mínimo. [RI-FI-ART-012]
Fuente: [RI-FI-ART-012], artículo 12, PDF p. 2.",2345,99,eos,False,False,19.8736,4.5232,2074,2052fcd18e3c358210f997a29a12f356395081a8e5e8381260b67d104f0dc7c1,5d8db10439cb4a20baa1a41030dda608c5e15c18820a969527e293a8618c3de9,396b7ef93561535a0dabd8a7367c4c11cc0179a4a73f50241a63e228f208326c,4adccec813c53d7fd3840d8a2c3ca2624c11c59c1f973676d0d37794a6596739
49,"Según el calendario de docencia 2026, ¿qué feriado nacional cae el 30 de septiembre?",abstencion,rag_estructurado_fewshot,"Respuesta: No hay información sobre un feriado nacional el 30 de septiembre en el calendario de docencia 2026. [INV-1]
Condiciones o límites: El 30 de septiembre no figura en el inventario de feriados proporcionado. [INV-1]
Fuente: [INV-1], inventario completo derivado de Calendario-Academico-Pregrado-2026.pdf.",1836,101,eos,False,False,17.5984,3.8368,2075,5c94b2e5714f9a4860a50a1afd023fce68a5cd30d6a2231baea81d0fd7d63693,81f575f15c2c0e1870a50909c4a6d7220ab82a6366fc460e3422359677d1ea2e,11f1b40d3ae90bf844ad5ef244349255efb77c4314f06ce5c4c311a3043a3b55,4adccec813c53d7fd3840d8a2c3ca2624c11c59c1f973676d0d37794a6596739
50,"El Artículo 19 del RI-FI exige promedio 5,0 para una segunda carrera simultánea; ¿qué promedio exige ese artículo para una tercera carrera simultánea?",abstencion,rag_estructurado_fewshot,"Respuesta: No se indica el promedio requerido para una tercera carrera simultánea en el Artículo 19. [RI-FI-ART-019]
Condiciones o límites: El Artículo 19 solo menciona el promedio para una segunda carrera simultánea. [RI-FI-ART-019]
Fuente: [RI-FI-ART-019], artículo 19.",2297,95,eos,False,False,18.7307,4.4526,2076,60e7201c0171c034c4409fdbcecc3524c1834f966375e6d5c1cd1bf5cf8aade9,d6c781bc6dfa3c5cf0a06f0a2e6a1287361ed5b660c9e4474c466bc608d34b49,047cd8cc564d9f11362e938acbce2e6163ff449860540af177fcafa92a833c34,4adccec813c53d7fd3840d8a2c3ca2624c11c59c1f973676d0d37794a6596739
