caso_id,categoria,pregunta,respuesta_referencia,respuesta_modelo,correcta,veredicto,motivo,respuesta_sha256
P01,factual,¿Cuál es la nota mínima para aprobar una asignatura en la Facultad de Ingeniería?,"La nota final mínima de aprobación es 4,0. Además deben cumplirse los requisitos de la asignatura. [RI-FI, art. 11.]","La nota mínima para aprobar una asignatura en la Facultad de Ingeniería de la Universidad de Concepción es **14/20**, según el **Artículo 8** de la Normativa de Pregrado.",False,incorrecta,"Da 14/20 en vez de la nota 4,0 y cita un artículo no pertinente; RI-FI art. 11.",787dd88e0baeef31afe05aa4bf6943e2d0bdb5c5a07e81d2ecc5779eb7698214
P02,factual,¿Cuántas evaluaciones sumativas como mínimo debe tener una asignatura?,"Cada asignatura impartida por la Facultad de Ingeniería debe tener al menos tres evaluaciones sumativas. [RI-FI, art. 11.]","La cantidad mínima de evaluaciones sumativas que debe tener una asignatura no está especificada en la normativa de pregrado de la Facultad de Ingeniería de la Universidad de Concepción. Por lo tanto, no está en la normativa.",False,incorrecta,Se abstiene pese a que RI-FI art. 11 fija al menos tres evaluaciones sumativas.,b2fd058f2cb3f0b5a930f2a1f562637ee8f3715f621b4864e85f705215314a34
P03,factual,¿A cuántas evaluaciones de recuperación tiene derecho el estudiante por asignatura?,"El estudiante tiene derecho a una evaluación de recuperación por asignatura para modificar la nota final. [RI-FI, art. 12.]","La cantidad de evaluaciones de recuperación que tiene derecho el estudiante por asignatura no está especificada en la normativa de pregrado de la Facultad de Ingeniería de la Universidad de Concepción. Por lo tanto, no está en la normativa.",False,incorrecta,Se abstiene pese al derecho a una evaluación de recuperación de RI-FI art. 12.,51db81a5de79a75c7a3afb3dfad5fba592473432aa8d2758cc14909787c24583
P04,factual,¿En qué escala se expresa la nota final de una asignatura?,"La nota final se expresa en la escala numérica oficial de 1 a 7, hasta con un decimal de aproximación. [RG, art. 23.]","La nota final de una asignatura se expresa en una escala de 0 a 7, según el **Art. 8** de la Normativa de Pregrado de la Facultad de Ingeniería de la Universidad de Concepción.",False,incorrecta,Da escala 0–7 en vez de 1–7 y atribuye el dato a un artículo equivocado; RG art. 23.,f6d487bd0f209dae572b7026c29925c169613d7a551e3ffd253eca4b1d521389
P05,factual,¿Cuál es la actividad final de titulación en las carreras de Ingeniería?,"La actividad final es la asignatura Memoria de Título, de un semestre de duración. [RI-FI, art. 29.]","La actividad final de titulación en las carreras de Ingeniería es el **Trabajo de Fin de Carrera (TFC)**, según el **Art. 11** de la Normativa de Pregrado de la Facultad de Ingeniería de la Universidad de Concepción.",False,incorrecta,Sustituye la Memoria de Título por un supuesto TFC; RI-FI art. 29.,b40663d51603ab9fcbe59fad59add329e974dcaf57d6774fc561ac8440a27d76
P06,factual,¿Con cuánta anticipación mínima deben comunicarse las evaluaciones a los estudiantes?,"Las evaluaciones deben programarse y comunicarse con una anticipación no inferior a una semana. Las fechas de certámenes y de recuperación deben informarse en el syllabus de las asignaturas impartidas por la Facultad. [RI-FI, art. 10.]","La normativa no establece una fecha específica de anticipación para las evaluaciones, pero según el **Art. 11** de la Reglamentación General de la Facultad de Ingeniería, los profesores deben comunicar las fechas y horarios de las evaluaciones al menos **dos semanas antes de su realización**.",False,incorrecta,Afirma dos semanas en vez de la anticipación mínima de una semana; RI-FI art. 10.,dd4dc548f91b565da1114c8c661b282aab9fa62d14808b3640256b6c3d87c26b
P07,factual,¿Quién resuelve en primera instancia una solicitud de continuación de estudios?,"Resuelve en primera instancia el Comité de Docencia y Asuntos Estudiantiles. [RI-FI, art. 16.]",Art. 8. El director de carrera resuelve en primera instancia una solicitud de continuación de estudios.,False,incorrecta,"Atribuye la primera decisión al director de carrera; corresponde al Comité de Docencia y Asuntos Estudiantiles, RI-FI art. 16.",f21f21646bf7260fd553fe10329f7f81fa77621fbf91be5edea00bf4c407db2d
P08,factual,¿La renuncia a la carrera es revocable?,"No. La renuncia es irrevocable e implica que el estudiante no podrá reincorporarse a la carrera. [RI-FI, art. 26.]","La renuncia a la carrera no es revocable, según el **Art. 13** de la normativa de pregrado de la Facultad de Ingeniería de la Universidad de Concepción.",False,incorrecta,"La negativa es correcta, pero la cita al art. 13 de RI-FI no respalda la irrevocabilidad; la regla está en RI-FI art. 26.",e2a434d1c9cfd1ee45e06b23cd8521836837192b3e4f0be337f4c2ad45b36be0
P09,factual,¿Cuántos períodos lectivos ordinarios tiene el año académico y cuánto duran?,"El año académico tiene dos períodos lectivos ordinarios, primer y segundo semestre, de diecinueve semanas cada uno. [RG, art. 16.]","El año académico tiene **dos períodos lectivos ordinarios**, cada uno de **16 semanas**.  
Art. 10.",False,incorrecta,"Acierta en dos períodos, pero los hace durar 16 semanas en vez de 19; RG art. 16.",b364c3f534a78922e391238c008c6069f1d411b83431238fcaf0ae200e286365
P10,factual,¿Los estudiantes de Primer Año Común pueden convalidar asignaturas?,"No. Los estudiantes de Primer Año Común no pueden revalidar ni convalidar asignaturas. [RI-FI, art. 22.]","Sí, los estudiantes de Primer Año Común pueden convalidar asignaturas, según el **Art. 15** de la Normativa de Pregrado de la Facultad de Ingeniería de la Universidad de Concepción.",False,incorrecta,Dice que Primer Año Común sí puede convalidar; RI-FI art. 22 lo prohíbe.,a4bac9299535ba43965d117322e3f6141809143f11da125bc1b12ff0cf33b790
P11,numerica,¿Cuál es el mínimo de créditos que debo inscribir por período lectivo ordinario en Ingeniería?,"El mínimo general es de ocho créditos por período lectivo ordinario. Se exceptúan quienes estén terminando sus estudios, que inscriben al menos las asignaturas pendientes, y quienes no puedan alcanzar ese mínimo por falta de requisitos. [RI-FI, art. 8.]",Art. 8. El estudiante deberá inscribirse en al menos 60 créditos por período lectivo ordinario.,False,incorrecta,Da 60 créditos en vez del mínimo general de ocho; RI-FI art. 8.,95690722ad654a40a5113f4bd1587dae8939bd79d765079ff4b372d582810baa
P12,numerica,¿Con menos de cuántos créditos aprobados al término del segundo semestre quedo en baja académica?,"Se incurre en baja académica al aprobar menos de quince créditos al término del segundo semestre de permanencia en la carrera. [RI-FI, art. 14 a).]",Art. 15. Queda en baja académica el estudiante que al término del segundo semestre no aprobé al menos 12 créditos.,False,incorrecta,Da umbral de doce créditos en vez de menos de quince; RI-FI art. 14 a).,66831a5543b9122b840c22eddd0d81a0aa1702327378ce67948db6acf527a98e
P13,numerica,¿Bajo qué promedio de créditos aprobados por semestre (desde el 4º) se cae en baja académica?,"Desde el cuarto semestre de permanencia, un promedio de créditos aprobados inferior a diez créditos semestrales constituye causal de baja académica. [RI-FI, art. 14 b).]",No está en la normativa.,False,incorrecta,Se abstiene pese al umbral inferior a diez créditos semestrales desde el cuarto semestre; RI-FI art. 14 b).,bee0a49eb3dd936e22658e1feb1c95c7c3ed0db5b49251ae22e3454a8698dd56
P14,numerica,¿Cuál es la asistencia mínima máxima que un profesor puede exigir en clases teóricas y prácticas?,"La exigencia de asistencia mínima que establezca el profesor no puede superar el 80% de las clases teóricas y prácticas. Esto es un límite a la exigencia, no una obligación universal de fijarla en 80%. [RI-FI, art. 13.]","La asistencia mínima y máxima que un profesor puede exigir en clases teóricas y prácticas no está especificada en la normativa de pregrado de la Facultad de Ingeniería de la Universidad de Concepción. Por lo tanto, **no está en la normativa**.",False,incorrecta,Se abstiene pese al límite de 80% para clases teóricas y prácticas; RI-FI art. 13.,f0e4c5ffdc3df8bda5267e257e2ba2e841783bb998d5ee132daf1d397a4cf39d
P15,numerica,¿Qué calificación mínima se exige para convalidar una asignatura?,"Las asignaturas aprobadas que se presentan para convalidación deben tener calificaciones mínimas equivalentes a 4,5 en la escala de 1 a 7. [RI-FI, art. 21.]",No está en la normativa.,False,incorrecta,"Se abstiene pese a la calificación mínima equivalente a 4,5; RI-FI art. 21.",bee0a49eb3dd936e22658e1feb1c95c7c3ed0db5b49251ae22e3454a8698dd56
P16,numerica,"¿Durante cuántas semanas iniciales se puede solicitar convalidación, revalidación o reconocimiento?","Para asignaturas cursadas en otras carreras, la solicitud de convalidación, revalidación o reconocimiento se puede presentar por única vez durante las cuatro primeras semanas de ingreso a la nueva carrera. [RI-FI, art. 22.]","Art. 12. La convalidación, revalidación o reconocimiento podrá solicitarse durante las primeras 6 (seis) semanas del cuatrimestre.",False,incorrecta,Indica seis semanas en vez de las cuatro primeras semanas de ingreso; RI-FI art. 22.,d4b38b4bb7d3a66e724203e032fc4a0f42e20985cc7cc292543508cad6b57d61
P17,numerica,¿Dentro de cuántos días se puede solicitar el reconocimiento de asignaturas?,"Para el reconocimiento de contenidos compatibles con los resultados de aprendizaje de una asignatura, el plazo es dentro de los primeros treinta días del período lectivo respectivo, solicitándolo a Vicedecanatura. [RI-FI, art. 23.] Si se trata del reconocimiento de asignaturas cursadas en otra carrera al ingresar a una nueva, el art. 22 establece por única vez las cuatro primeras semanas de ingreso. [RI-FI, art. 22.]","La solicitud de reconocimiento de asignaturas debe hacerse dentro de los **15 días hábiles** siguientes a la fecha de inicio del semestre académico, según el **Art. 12** de la Normativa de Pregrado de la Facultad de Ingeniería de la Universidad de Concepción.",False,incorrecta,"Indica quince días hábiles y art. 12; para reconocimiento de contenidos son treinta días del período, RI-FI art. 23.",47d1a26057bf20488dbbe1088eb8d99e6984bb42ced4bf0b465b128645d78c59
P18,numerica,"Si suspendí más de 3 años y solo me faltaba la Memoria, ¿cuántos créditos adicionales máximo debo cursar?","Debe cursar y aprobar, además de la Memoria de Título, un máximo de treinta y seis créditos en asignaturas fijadas por el Comité de Docencia y Asuntos Estudiantiles. [RI-FI, art. 31.]",La pregunta no está contemplada en la normativa de pregrado de la Facultad de Ingeniería de la Universidad de Concepción. No existe un artículo que establezca el número de créditos adicionales que debe cursar un estudiante que suspendió más de 3 años y solo faltaba la Memoria.,False,incorrecta,Se abstiene pese al máximo de 36 créditos adicionales; RI-FI art. 31.,769d04e3b8a58ef810eaaa556b37fae2bf33b4df326093c52ccb0a0b87a78969
P19,numerica,¿Cuántas semanas dura cada período lectivo ordinario (semestre)?,"Cada período lectivo ordinario dura diecinueve semanas. [RG, art. 16.]","El período lectivo ordinario dura **18 semanas**, según el **Art. 8** de la normativa de pregrado de la Facultad de Ingeniería de la Universidad de Concepción.",False,incorrecta,Indica 18 semanas en vez de 19; RG art. 16.,1ae3c3f07264bc540807115d0115e9e7fe62a60c80d97df7b5d0d1299bd5f5b8
P20,numerica,¿Cuál es el plazo (en días hábiles) para regularizar una evaluación no rendida por causa justificada?,"El plazo máximo para solicitar regularización es de tres días hábiles posteriores a la aplicación de la evaluación. [RG, art. 26.]","El plazo para regularizar una evaluación no rendida por causa justificada es de **15 días hábiles**, según el **Art. 12** de la Normativa de Pregrado de la Facultad de Ingeniería de la Universidad de Concepción.",False,incorrecta,Indica quince días hábiles en vez de tres posteriores a la evaluación; RG art. 26.,02e160c61e4d0a39caf3a829c093f0a83230cfbb110b56087071f27242a830ae
P21,condicional,"Si vengo de otra universidad y quiero ingresar a Ingeniería, ¿qué promedio necesito? ¿Y para cambio dentro de Ingeniería?","Desde otra universidad chilena u otra Facultad de la UdeC se exige un promedio ponderado mínimo equivalente a 4,5 en la carrera de origen; para cambiar entre carreras de Ingeniería se exige 4,2. Estos promedios se suman a los demás requisitos aplicables y no garantizan por sí solos el ingreso. [RI-FI, arts. 17 y 18.]","La normativa de pregrado de la Facultad de Ingeniería de la Universidad de Concepción no establece específicamente el promedio necesario para ingresar a Ingeniería desde otra universidad ni para cambio dentro de la carrera. Por lo tanto, **no está en la normativa**.",False,incorrecta,"Se abstiene pese a los promedios 4,5 desde otra universidad y 4,2 entre carreras de Ingeniería; RI-FI arts. 17–18.",b7ed6d2e4819598dd6be1f8149992105ad49b77d098ddc658b8b1c0a9fdb83d3
P22,condicional,¿Qué promedio mínimo se exige para cursar una segunda carrera de forma simultánea?,"Se exige un promedio ponderado mínimo de calificaciones de 5,0, en la escala de 1 a 7, en la carrera de origen, además de los requisitos del Reglamento General. [RI-FI, art. 19.]","La normativa de pregrado de la Facultad de Ingeniería de la Universidad de Concepción no establece un promedio mínimo específico para cursar una segunda carrera de forma simultánea. Por lo tanto, **no está en la normativa**.",False,incorrecta,"Se abstiene pese al mínimo 5,0 para solicitar la carrera simultánea; RI-FI art. 19.",fcdb09b465161197826aac68e25990b17259cc3f2e5d7675786fe0972e5ad85b
P23,condicional,¿En qué caso NO se puede revalidar una asignatura?,"No se puede revalidar una asignatura que haya sido previamente cursada y reprobada en el Plan de Estudio. [RI-FI, art. 20.]","No se puede revalidar una asignatura en el caso en que la misma no haya sido cursada en el país del que se proviene, según el **Art. 10** de la Normativa de Pregrado de la Facultad de Ingeniería de la Universidad de Concepción.",False,incorrecta,Inventó una prohibición por país de procedencia; RI-FI art. 20 prohíbe revalidar una asignatura ya cursada y reprobada en el plan.,4ade2c3c06b67c4cffbec918a4b5298e3332199af70a85f22d40a54e03ec30e8
P24,condicional,"Si repruebo por segunda vez una misma asignatura obligatoria, ¿qué ocurre?","Reprobar por segunda vez una asignatura obligatoria es causal de baja académica, con pérdida del derecho a continuar estudios y de la calidad de alumno regular. Se exceptúa que la asignatura haya sido aprobada en el PLEV del año académico correspondiente o que el estudiante se encuentre en su primer año de permanencia en la carrera. [RI-FI, art. 14 c).]","Si repruebas por segunda vez una misma asignatura obligatoria, la normativa establece que no podrás repetirla más de dos veces. En caso de no aprobar en la segunda oportunidad, la asignatura no se podrá repetir nuevamente, según el Art. 15 de la Reglamentación General de la Facultad de Ingeniería.",False,incorrecta,Sustituye la baja académica y sus excepciones por una prohibición de repetir; RI-FI art. 14 c).,2fb6eb19986ab88a69aaa6916d3792968619ddd9ee5c729b9bf53a5964b2fc54
P25,condicional,"Al modificar la inscripción, ¿qué asignaturas NO puedo eliminar?","No se pueden eliminar las asignaturas atrasadas respecto del nivel de avance en el plan ni las obligatorias reprobadas anteriormente que aún no estén aprobadas: son las prioridades a) y b) del art. 7. [RI-FI, arts. 9 y 7 a–b.]","La normativa de pregrado de la Facultad de Ingeniería de la Universidad de Concepción no especifica directamente qué asignaturas no pueden eliminarse al modificar la inscripción. Sin embargo, según el **Art. 12** del Reglamento de Pregrado, las asignaturas que forman parte del plan de estudios obligatorio no pueden ser eliminadas sin el consentimiento del coordinador de carrera. Por lo tanto, las asignaturas que son obligatorias en el plan de estudios no pueden eliminarse sin autorización.",False,incorrecta,No identifica las dos prioridades no eliminables e inventa autorización del coordinador; RI-FI arts. 7 y 9.,0d25d2a616384ce7bc85b2cd644b1c4d75f0d4b1c2420fb51b0207bddc943fc9
P26,condicional,"Si suspendí mis estudios, ¿qué debo hacer para volver?","Debes solicitar tu reincorporación a la Vicedecanatura para continuar los estudios. [RI-FI, art. 27.]","Si suspendiste tus estudios, debes presentarte a la **Unidad de Atención a Estudiantes en Situación de Suspensión (UAES)** para realizar el trámite de **reingreso a estudios**. Este trámite está regulado en el **Art. 15** de la **Reglamentación de Estudios de Pregrado**.",False,incorrecta,"Inventa una unidad de atención y trámite de reingreso; debe solicitarse reincorporación a Vicedecanatura, RI-FI art. 27.",d2c32c5dde9aa57f0137740e413aac6f5bec9d3fb6f8a8ba10d27a1676a1aa89
P27,condicional,¿Qué documentos requiere la solicitud de suspensión de estudios?,"La solicitud debe acompañarse de dos certificados: uno de la DAFE que acredite no tener deudas por aranceles y préstamos, o que su pago está debidamente garantizado; y otro de la Dirección de Bibliotecas que acredite no adeudar material bibliográfico. [RI-FI, art. 25 a–b.]","La solicitud de suspensión de estudios no está prevista en la normativa de pregrado de la Facultad de Ingeniería de la Universidad de Concepción. Por lo tanto, no está en la normativa.",False,incorrecta,Se abstiene pese a los certificados de DAFE y Bibliotecas requeridos por RI-FI art. 25.,742e23fdf20c3ba9bdc532960eff5801ba35c704cc45e64cc8e4a4b8b5b47ef7
P28,condicional,"Si estando habilitado no inscribo asignaturas en el período, ¿qué pasa?","Se pierde el derecho a continuar estudios y la calidad de alumno de pregrado por baja por no inscripción, salvo que en el período lectivo anterior se hayan inscrito una o más asignaturas anuales. [RG, art. 29.]","Si estando habilitado no inscribo asignaturas en el período, se considera que no se ha cumplido con el obligado registro académico, lo cual puede generar sanciones según el Reglamento de Estudio de la Facultad de Ingeniería, Art. 15.",False,incorrecta,Habla vagamente de sanciones y omite la pérdida del derecho a continuar y la excepción por asignaturas anuales; RG art. 29.,601ccf418e1d6fd79584ce91a7e08e4cfc5335798c4aba23bf3b1f3ca0834b26
P29,condicional,"Si no me presento a una evaluación por causa justificada, ¿qué puedo hacer?","Puedes solicitar al profesor encargado regularizar tu situación dentro de los tres días hábiles posteriores a la evaluación, presentando los documentos que justifiquen la inasistencia. [RG, art. 26.]","Si no te presentas a una evaluación por causa justificada, según el Reglamento de Evaluación de la Facultad de Ingeniería de la Universidad de Concepción (Art. 14), podrás solicitar la extensión del plazo de presentación de la evaluación ante el Coordinador de Carrera, adjuntando la justificación adecuada. La extensión será concedida en caso de que la causa justificada sea acreditada.",False,incorrecta,"Propone una extensión ante Coordinación de Carrera; la solicitud va al profesor encargado dentro de tres días hábiles, RG art. 26.",840b4a39745e2d27ba9dcda1a20a216dea35b1995c96b893f1b81353d61e8493
P30,condicional,"¿Cuánta asistencia puede exigir un profesor en un laboratorio, taller o salida a terreno?","El profesor puede exigir hasta un 100% de asistencia en laboratorios, talleres, salidas a terreno y otras actividades de naturaleza similar. [RI-FI, art. 13.]","La normativa no establece una cantidad específica de asistencia que puede exigir un profesor en un laboratorio, taller o salida a terreno. Sin embargo, se menciona en el **Art. 11** de la normativa de pregrado de la Facultad de Ingeniería de la Universidad de Concepción que el profesor debe garantizar la asistencia necesaria para el desarrollo de las actividades académicas, incluyendo laboratorios, talleres y salidas a terreno. No hay un límite numérico establecido.",False,incorrecta,"Niega un límite numérico pese a que RI-FI art. 13 permite exigir hasta 100% en laboratorios, talleres y actividades similares.",a2185a70cf95a1fac88780cc20c12db44fbc4da002f6c2951f1f00efd31c7439
P31,cruce,"Si el Reglamento Interno de Ingeniería contradice al Reglamento General de Docencia, ¿cuál prevalece?","Prevalece el Reglamento General frente a disposiciones incompatibles del Reglamento Interno de Docencia de Ingeniería. El art. 34 también establece la prevalencia de las Normas de Ingreso. [RI-FI, art. 34; RG, art. 60.]","Según el **Art. 10** del Reglamento Interno de Ingeniería, los reglamentos internos de las facultades, escuelas y departamentos son **normas de aplicación interna** y **no tienen fuerza de obligación** frente a los reglamentos generales de la Universidad. Por lo tanto, **el Reglamento General de Docencia prevalece** sobre el Reglamento Interno de Ingeniería.",False,incorrecta,"La prevalencia es correcta, pero atribuye una regla distinta al art. 10 de RI-FI; la respaldan RI-FI art. 34 y RG art. 60.",7250690ef721e73d64beb4e218b991eb0a99a2e9769d4b2c09f407294d42e1f9
P32,cruce,Quiero modificar las asignaturas inscritas este segundo semestre 2026. ¿Hasta qué fecha?,"La fecha límite para modificar asignaturas del segundo semestre de 2026 es el 4 de septiembre de 2026. [Calendario de Docencia 2026, segundo semestre, página 2.]","La fecha límite para modificar las asignaturas inscritas en el segundo semestre 2026 es **30 de abril de 2026**, según el **Art. 11** de la normativa de pregrado de la Facultad de Ingeniería de la Universidad de Concepción.",False,incorrecta,"Da 30 de abril en vez del 4 de septiembre de 2026; Calendario 2026, segundo semestre.",3d27f60ecafcdb4e0ffc0c479b870f772fd7391cc7c899107b363430f5ec96c8
P33,cruce,¿Hasta qué fecha se pueden modificar asignaturas en el primer semestre 2026?,"La fecha límite para modificar asignaturas del primer semestre de 2026 es el 2 de abril de 2026. [Calendario de Docencia 2026, primer semestre, página 1.]","La fecha límite para modificar asignaturas en el primer semestre 2026 no está especificada en la normativa general de pregrado de la Facultad de Ingeniería de la Universidad de Concepción. Sin embargo, se recomienda consultar el Reglamento Académico o el calendario académico oficial de la universidad para obtener la información precisa. Si no está disponible en la normativa, se debe consultar con el Departamento de Registros Académicos.",False,incorrecta,"Se abstiene pese al 2 de abril de 2026 indicado en el Calendario, primer semestre.",3e89a2035027c98b402b81563b91917febc12593e85b6062fabe1b68c1d2a020
P34,cruce,¿Tengo derecho a suspender estudios y hasta cuándo puedo hacerlo?,"Tienes derecho a solicitar la suspensión de estudios a Vicedecanatura; la aprobación requiere resolución. La solicitud puede presentarse hasta cuatro semanas antes del término del período lectivo respectivo, respetando los plazos del calendario anual a los que remite el reglamento interno. [RG, art. 31; RI-FI, art. 25.]","La suspensión de estudios está regulada en el **Art. 12** de la Normativa de Pregrado de la Facultad de Ingeniería de la Universidad de Concepción. Este artículo establece que el estudiante tiene derecho a suspender sus estudios durante un período máximo de **dos años**, siempre que lo solicite por escrito a la Coordinación de Pregrado y se acredite una justificación adecuada.",False,incorrecta,Atribuye al art. 12 una supuesta suspensión de dos años y omite el plazo solicitado de cuatro semanas antes del término; RG art. 31.,ef52f3ac1fea7787dffe0b6e7ae2100e6df674ba5397977d20b4fab693bbd135
P35,cruce,¿Cuándo inician las clases del segundo semestre 2026?,"Las clases del segundo semestre de 2026 comienzan el 10 de agosto de 2026. [Calendario de Docencia 2026, segundo semestre, página 2.]",La fecha de inicio de las clases del segundo semestre 2026 no está especificada en la normativa de pregrado de la Facultad de Ingeniería de la Universidad de Concepción.,False,incorrecta,"Se abstiene pese al inicio de clases del 10 de agosto de 2026; Calendario, segundo semestre.",defe87a9e6c9de6f21fa6d9e84189eaec73bfd75ca42c14bc659b3e58e25ac1d
P36,cruce,¿En qué fechas se inscriben las asignaturas del segundo semestre 2026 y cuál es el mínimo de créditos?,"La inscripción del segundo semestre de 2026 se realiza del 3 al 7 de agosto. [Calendario de Docencia 2026, segundo semestre, página 2.] El mínimo general es de ocho créditos; existen excepciones por término de estudios o por falta de requisitos para alcanzar ese mínimo. [RI-FI, art. 8.]",La normativa de pregrado de la Facultad de Ingeniería de la Universidad de Concepción no establece fechas específicas para la inscripción de asignaturas del segundo semestre 2026 ni el mínimo de créditos requerido. Esta información es manejada por el Departamento de Registros y Secretaría Académica de la facultad. Se recomienda consultar el calendario académico oficial o contactar con el departamento correspondiente para obtener los detalles exactos.,False,incorrecta,Se abstiene pese a las fechas 3–7 de agosto y el mínimo general de ocho créditos; Calendario y RI-FI art. 8.,fc32305e8e2ac6acce01efbc149d33a06c2e398427e11aae3e3b0f38e2030fde
P37,cruce,¿Cuándo termina el segundo semestre 2026 (término de clases)?,"El término de clases del segundo semestre de 2026 es el 11 de diciembre de 2026. [Calendario de Docencia 2026, segundo semestre, página 2.]","La fecha de término de clases para el segundo semestre 2026 no está especificada en la normativa general de pregrado. Sin embargo, según el Reglamento de Estudios de la Facultad de Ingeniería de la Universidad de Concepción, el término de clases generalmente se establece en el calendario académico oficial de la universidad. Para obtener la fecha exacta, se debe consultar el calendario académico del segundo semestre 2026.",False,incorrecta,"Se abstiene pese al término de clases del 11 de diciembre de 2026; Calendario, segundo semestre.",cabfc41c8b7e15547b7d5c8f676d72183ab3909c4d25fcbd641b8a173062ac18
P38,cruce,"La escala de notas del Reglamento General, ¿se aplica en Ingeniería, y cuál es la nota de aprobación?","Sí. La docencia de Ingeniería se rige por el Reglamento General. [RI-FI, art. 2.] La escala oficial es de 1 a 7 y la nota mínima de aprobación es 4,0, junto con el cumplimiento de los requisitos de la asignatura. [RG, art. 23; RI-FI, art. 11.]","La escala de notas del Reglamento General **no se aplica en Ingeniería**. La escala de notas aplicable es la escala de 1 a 7, según el **Artículo 11** del Reglamento General. La nota de aprobación es **3.0 o más**.",False,incorrecta,"Niega la aplicación del RG y da nota de aprobación 3,0 en vez de 4,0; RI-FI art. 2, RG art. 23 y RI-FI art. 11.",facd3d6427018e6cf4457568a0874dba4709155ee4defef1d605ddd22b953527
P39,cruce,¿Cuándo son las Evaluaciones de Recuperación del segundo semestre 2026?,"Las evaluaciones de recuperación del segundo semestre de 2026 se realizan del 14 al 23 de diciembre de 2026. [Calendario de Docencia 2026, segundo semestre, página 2.]","La fecha específica de las Evaluaciones de Recuperación del segundo semestre 2026 no está establecida en la normativa actual de pregrado de la Facultad de Ingeniería de la Universidad de Concepción. Por lo tanto, no está en la normativa.",False,incorrecta,"Se abstiene pese a las evaluaciones de recuperación del 14 al 23 de diciembre; Calendario, segundo semestre.",3d1b44cb575dffd4f2ee9d4e3190feab78189aa3d0d16eff904a5b708e8193d5
P40,cruce,¿Qué reglamento rige la Memoria de Título y cuánto pondera en la nota de titulación?,"La Memoria se rige por el Reglamento de Memoria de Título de la Facultad de Ingeniería. [RI-FI, art. 29.] Su nota pondera un 40% en la nota de titulación profesional de las carreras de Ingeniería Civil. [RI-FI, art. 30.]","La Memoria de Título está regida por el **Reglamento de Título de la Facultad de Ingeniería de la Universidad de Concepción**, específicamente el **Art. 15**. La Memoria de Título representa el **30%** de la nota de titulación.",False,incorrecta,Da un nombre incorrecto al reglamento y 30% en vez de 40%; RI-FI arts. 29–30.,d3be02a06f1828320f5a3fb3229e6c7f425db19560f4e9929fec998b357e91ab
P41,abstencion,¿Qué establece el Artículo 90 del Reglamento Interno de Docencia de Pregrado de Ingeniería?,"Ese artículo no existe en el Reglamento Interno de Docencia de Ingeniería proporcionado: su articulado va del 1 al 35. Por tanto, no hay un contenido del art. 90 que pueda citarse. [RI-FI, revisión del articulado completo, páginas 1–6.]","El Artículo 90 del Reglamento Interno de Docencia de Pregrado de Ingeniería establece que **el docente debe garantizar la participación activa de los estudiantes en el proceso de enseñanza-aprendizaje**, promoviendo el desarrollo de habilidades críticas, la resolución de problemas y el pensamiento científico.",False,incorrecta,Inventa contenido del inexistente art. 90 de RI-FI; el articulado termina en el art. 35.,0e347bb8758adcd970714528a69248cf580228fd4141915f4312ef7d25224379
P42,abstencion,¿Qué requisitos fija el Artículo 36 del Reglamento Interno de Docencia de Pregrado de Ingeniería?,"El art. 36 no existe en la copia proporcionada: el Reglamento Interno de Docencia de Ingeniería termina en el art. 35. [RI-FI, revisión del articulado completo, páginas 1–6.]","El Artículo 36 del Reglamento Interno de Docencia de Pregrado de Ingeniería fija los **requisitos mínimos para el ingreso al cuerpo docente de pregrado**. Estos requisitos incluyen:

- Ser egresado de una carrera universitaria en el área de conocimiento o haber obtenido el título de licenciatura o equivalente en el área de conocimiento.
- Tener un mínimo de 3 años de experiencia docente en el área de conocimiento o haber obtenido el título de doctorado en el área de conocimiento.
- Haber obtenido el título de doctorado en el área de conocimiento o haber cursado al menos 12 créditos en el área de conocimiento en el ámbito académico.

Art. 36.",False,incorrecta,Inventa requisitos del inexistente art. 36 de RI-FI; el articulado termina en el art. 35.,e3e3c7e98d64e89169a57db0612ff196a6da52329fe392656c5b63211a95a73f
P43,abstencion,¿Qué dispone el Artículo 100 del Reglamento General de Docencia de Pregrado?,"El art. 100 no existe en el Reglamento General proporcionado. Sus artículos permanentes van del 1 al 60 y contiene, además, dos artículos transitorios numerados 1 y 2. [RG, revisión del articulado y disposiciones transitorias; cierre en página 32.]","El Artículo 100 del Reglamento General de Docencia de Pregrado establece que **el profesor que esté en el proceso de jubilación o en el de retiro, así como el profesor que esté en el proceso de jubilación o en el de retiro, no podrá ser nombrado como tutor o tutora de pregrado**. 

Art. 100.",False,incorrecta,Inventa contenido del inexistente art. 100 del RG; sus artículos permanentes terminan en el 60.,bff6168c82c7497544346ebcb090950100e1f9224fd34d85301575d526eab28c
P44,abstencion,¿Qué señala el Artículo 70 del Reglamento General de Docencia de Pregrado?,"El art. 70 no existe en el Reglamento General proporcionado. Sus artículos permanentes van del 1 al 60 y contiene dos artículos transitorios numerados 1 y 2. [RG, revisión del articulado y disposiciones transitorias; cierre en página 32.]","El Artículo 70 del Reglamento General de Docencia de Pregrado señala que **el docente está obligado a cumplir con las funciones académicas, administrativas y de investigación que le asigne el Consejo Universitario**, y debe participar en las actividades de enseñanza, investigación y extensión universitaria.",False,incorrecta,Inventa contenido del inexistente art. 70 del RG; sus artículos permanentes terminan en el 60.,7eac22be19786d20db78dae01c859d92eabf31d576894ee4d884206db91cbded
P45,abstencion,¿Qué dice el inciso d) del Artículo 14 del RI-FI sobre las causales de baja académica?,"No existe el inciso d) del art. 14: sus causales de baja académica se enumeran únicamente en los incisos a), b) y c). [RI-FI, art. 14.]","El inciso d) del Artículo 14 del RI-FI establece que una de las causales de baja académica es **la no asistencia a las clases por más de 15 días consecutivos o 30 días en total en el semestre**. Art. 14, inciso d).",False,incorrecta,"Inventa un inciso d) y su causal; RI-FI art. 14 solo contiene a), b) y c).",13e1aed506a81834975b18f1201aa769a73e8b84c39c8cafebae09d85eaaf5f7
P46,abstencion,¿Qué establece el inciso c) del Artículo 25 del RI-FI sobre los documentos para suspender estudios?,"No existe el inciso c) del art. 25: los documentos se enumeran en los incisos a) y b). [RI-FI, art. 25.]","El inciso c) del Artículo 25 del RI-FI establece que **la suspensión de estudios se podrá solicitar por el estudiante cuando se encuentre en una situación de enfermedad grave, discapacidad, o cuando se haya sido víctima de un delito grave o una violencia sexual**.",False,incorrecta,Inventa un inciso c) y su condición; RI-FI art. 25 solo enumera los certificados a) y b).,cce2542729b9785371a2e9f21353334a2b89698e72f54fee0fc67c631c0c6c0c
P47,abstencion,"Además del mínimo de créditos, ¿cuál es el número máximo de créditos que fija el Artículo 8 del RI-FI para inscribir por semestre?","El art. 8 no fija un máximo de créditos. Establece un mínimo general de ocho créditos y sus excepciones; no permite deducir un tope semestral. [RI-FI, art. 8.]",Art. 8 del RI-FI: 32 créditos.,False,incorrecta,Inventa un máximo de 32 créditos; RI-FI art. 8 solo establece el mínimo general y excepciones.,15bc972f9246626a3adb427c343379eba74ff5dcc2122a8574cdb24b5e4f8dd6
P48,abstencion,¿Cuál es la nota mínima que fija el Artículo 12 del RI-FI para la Evaluación de Recuperación?,"El art. 12 no fija una nota mínima para la recuperación. Reconoce el derecho a una evaluación de recuperación y exige que el profesor comunique por escrito los requisitos y ponderaciones, incluida esa evaluación. [RI-FI, art. 12.]","Art. 12 del RI-FI: La nota mínima que fija el Artículo 12 del RI-FI para la Evaluación de Recuperación es **1,0**.",False,incorrecta,"Inventa una nota mínima 1,0 para recuperación; RI-FI art. 12 no fija ninguna.",14717332307aeca64acc9a332d8825771b0e97ce0d3069cdf76a3d0e91c11dd5
P49,abstencion,"Según el calendario de docencia 2026, ¿qué feriado nacional cae el 30 de septiembre?","El calendario proporcionado no consigna un feriado nacional el 30 de septiembre de 2026. El feriado de septiembre que aparece en esa página es el viernes 18. [Calendario de Docencia 2026, segundo semestre, página 2.]",El 30 de septiembre de 2026 no cae en un feriado nacional según el calendario de docencia 2026. Este día no es un feriado nacional en Chile. Art. 8.,False,incorrecta,"Niega la fecha del calendario, pero añade una afirmación nacional no respaldada por el corpus y cita un art. 8 ajeno; Calendario, segundo semestre.",a082cdd0673e1e83b51f25dc7ec60bfed0b0425a336770fd92a3fe9cb3098be2
P50,abstencion,"El Artículo 19 del RI-FI exige promedio 5,0 para una segunda carrera simultánea; ¿qué promedio exige ese artículo para una tercera carrera simultánea?","El art. 19 no establece un promedio específico para una tercera carrera simultánea. Regula la solicitud de cursar simultáneamente una carrera de Ingeniería cuando ya se cursa una carrera de pregrado y fija un promedio mínimo de 5,0 en la carrera de origen. No corresponde inventar otro umbral ni inferir de ese silencio una prohibición general. [RI-FI, art. 19.]",No está en la normativa.,True,correcta,Niega de forma inequívoca que la normativa establezca un promedio para tercera carrera simultánea; RI-FI art. 19 solo regula el supuesto consultado de segunda carrera.,bee0a49eb3dd936e22658e1feb1c95c7c3ed0db5b49251ae22e3454a8698dd56
